split,forecast_date,demand_peak_mwh,demand_peak_time_utc,residual_demand_peak_mwh,residual_demand_peak_time_utc,lowest_forecast_renewable_share_pct,lowest_forecast_renewable_share_time_utc,maximum_upward_residual_ramp_mwh,maximum_upward_residual_ramp_time_utc,average_forecast_renewable_share_pct,hours_above_high_demand_threshold,hours_above_high_residual_threshold,hours_with_high_upward_ramp_alert,hours_with_low_renewable_share_alert,conservative_peak_residual_demand_mwh,favourable_peak_residual_demand_mwh,planning_complete_hours,planning_data_completeness_pct
test,2024-07-01,32912.0937500000,2024-07-01 03:00:00,28500.1308593750,2024-07-01 05:00:00,10.5376721300,2024-07-01 05:00:00,6691.3867187500,2024-07-01 04:00:00,36.9904780769,4,3,2,0,28541.1308593750,26917.6308593750,24,100.0000000000
test,2024-07-02,37108.6562500000,2024-07-02 03:00:00,31164.2734375000,2024-07-02 05:00:00,11.2616225021,2024-07-02 05:00:00,5739.2226562500,2024-07-02 04:00:00,34.1092268197,9,4,1,0,31803.2734375000,30237.5234375000,24,100.0000000000
test,2024-07-03,39924.0390625000,2024-07-03 03:00:00,33573.0156250000,2024-07-03 05:00:00,7.7245268413,2024-07-03 14:00:00,5966.6953125000,2024-07-03 04:00:00,30.6578995579,10,6,1,0,34258.0156250000,32722.5156250000,24,100.0000000000
test,2024-07-04,40924.1289062500,2024-07-04 02:00:00,35574.4257812500,2024-07-04 05:00:00,5.7999479799,2024-07-04 14:00:00,5152.0156250000,2024-07-04 04:00:00,26.9744567216,12,7,0,0,35437.4257812500,33901.9257812500,24,100.0000000000
test,2024-07-05,38782.9960937500,2024-07-05 03:00:00,34312.5664062500,2024-07-05 05:00:00,7.4073941335,2024-07-05 05:00:00,5588.9257812500,2024-07-05 04:00:00,31.6986783812,9,6,1,0,33741.5664062500,32206.0664062500,24,100.0000000000
test,2024-07-06,39822.5546875000,2024-07-06 03:00:00,33188.4101562500,2024-07-06 05:00:00,11.5598587287,2024-07-06 05:00:00,5427.6953125000,2024-07-06 04:00:00,32.9311715843,9,5,1,0,34210.4101562500,32688.1601562500,24,100.0000000000
test,2024-07-07,39602.4882812500,2024-07-07 03:00:00,33692.7148437500,2024-07-07 04:00:00,6.7013890760,2024-07-07 14:00:00,5938.2265625000,2024-07-07 04:00:00,30.3170119350,10,6,1,0,34422.9648437500,32785.0195312500,24,100.0000000000
test,2024-07-08,38162.6093750000,2024-07-08 03:00:00,33118.6093750000,2024-07-08 05:00:00,9.9391929759,2024-07-08 05:00:00,5114.4687500000,2024-07-08 04:00:00,31.7591348190,12,6,0,0,33457.6093750000,31976.8593750000,24,100.0000000000
test,2024-07-09,40166.9570312500,2024-07-09 03:00:00,33428.8906250000,2024-07-09 05:00:00,11.5471453171,2024-07-09 05:00:00,5220.6914062500,2024-07-09 04:00:00,32.0667143155,13,5,1,0,34476.8906250000,33038.6406250000,24,100.0000000000
test,2024-07-10,40259.3320312500,2024-07-10 03:00:00,34977.3515625000,2024-07-10 05:00:00,10.3152916290,2024-07-10 05:00:00,5642.5195312500,2024-07-10 04:00:00,30.3329362327,14,6,1,0,35639.1015625000,34262.3515625000,24,100.0000000000
test,2024-07-11,40940.1875000000,2024-07-11 02:00:00,35216.0546875000,2024-07-11 05:00:00,4.8763939934,2024-07-11 14:00:00,4691.8281250000,2024-07-11 04:00:00,26.3597171344,13,6,0,0,35585.0546875000,34228.8046875000,24,100.0000000000
test,2024-07-12,42254.8867187500,2024-07-12 03:00:00,37405.6484375000,2024-07-12 04:00:00,4.8041178637,2024-07-12 13:00:00,4839.0312500000,2024-07-12 03:00:00,22.3635615593,15,9,0,0,36335.5390625000,34961.5390625000,24,100.0000000000
test,2024-07-13,41257.9804687500,2024-07-13 03:00:00,36106.6054687500,2024-07-13 05:00:00,8.8184923652,2024-07-13 05:00:00,4103.6328125000,2024-07-13 03:00:00,23.7686297795,15,8,0,0,36234.3554687500,34988.3554687500,24,100.0000000000
test,2024-07-14,36665.5195312500,2024-07-14 03:00:00,32105.6953125000,2024-07-14 05:00:00,7.4010500478,2024-07-14 11:00:00,4728.8554687500,2024-07-14 03:00:00,24.5253088031,9,6,0,0,32099.9453125000,30966.6953125000,24,100.0000000000
test,2024-07-15,34785.4804687500,2024-07-15 04:00:00,32021.6914062500,2024-07-15 05:00:00,5.6218439212,2024-07-15 11:00:00,4701.1757812500,2024-07-15 03:00:00,22.6859933834,8,6,0,0,31143.4414062500,29999.4414062500,24,100.0000000000
test,2024-07-16,36958.2382812500,2024-07-16 03:00:00,33420.6250000000,2024-07-16 05:00:00,6.3757553916,2024-07-16 07:00:00,3683.8046875000,2024-07-16 02:00:00,24.2151801770,11,6,0,0,32774.1250000000,31498.3750000000,24,100.0000000000
test,2024-07-17,36678.9453125000,2024-07-17 03:00:00,31329.2500000000,2024-07-17 05:00:00,11.7039745723,2024-07-17 14:00:00,4591.0976562500,2024-07-17 04:00:00,31.1007141402,10,4,0,0,32456.2500000000,31186.0000000000,24,100.0000000000
test,2024-07-18,35698.8554687500,2024-07-18 03:00:00,30477.6289062500,2024-07-18 05:00:00,11.7787501742,2024-07-18 14:00:00,6143.0312500000,2024-07-18 04:00:00,32.5586049522,9,4,2,0,31969.1289062500,30654.3789062500,24,100.0000000000
test,2024-07-19,38592.7382812500,2024-07-19 03:00:00,32857.8671875000,2024-07-19 05:00:00,8.3202130893,2024-07-19 14:00:00,4648.4296875000,2024-07-19 04:00:00,27.0490480797,11,6,0,0,34042.3671875000,32768.1171875000,24,100.0000000000
test,2024-07-20,40030.6953125000,2024-07-20 03:00:00,34104.4609375000,2024-07-20 04:00:00,6.1224661505,2024-07-20 14:00:00,3966.5234375000,2024-07-20 03:00:00,26.7748561245,9,6,0,0,34727.7109375000,33282.1523437500,24,100.0000000000
test,2024-07-21,39198.2695312500,2024-07-21 03:00:00,34926.1445312500,2024-07-21 05:00:00,5.2478243649,2024-07-21 14:00:00,5354.3203125000,2024-07-21 03:00:00,27.2101324680,9,7,2,0,34373.6445312500,33192.8945312500,24,100.0000000000
test,2024-07-22,35928.8476562500,2024-07-22 03:00:00,32192.5468750000,2024-07-22 05:00:00,7.0639496132,2024-07-22 14:00:00,5551.0234375000,2024-07-22 04:00:00,27.3653958409,11,5,1,0,32009.0468750000,30828.2968750000,24,100.0000000000
test,2024-07-23,40018.8398437500,2024-07-23 03:00:00,35437.5351562500,2024-07-23 04:00:00,1.9396101801,2024-07-23 14:00:00,5177.6953125000,2024-07-23 04:00:00,23.5857598523,13,7,0,2,35104.0351562500,33351.8320312500,24,100.0000000000
test,2024-07-24,42767.8085937500,2024-07-24 02:00:00,36770.9687500000,2024-07-24 04:00:00,1.8308910425,2024-07-24 14:00:00,3556.2812500000,2024-07-24 04:00:00,20.8037228094,16,15,0,2,36958.4687500000,35443.5429687500,24,100.0000000000
test,2024-07-25,42934.2968750000,2024-07-25 02:00:00,38484.4218750000,2024-07-25 04:00:00,4.2988330658,2024-07-25 06:00:00,3707.8320312500,2024-07-25 03:00:00,20.5064588602,17,14,0,0,37196.4218750000,35480.2734375000,24,100.0000000000
test,2024-07-26,42811.5742187500,2024-07-26 01:00:00,37051.2382812500,2024-07-26 04:00:00,7.0601604693,2024-07-26 05:00:00,3815.8359375000,2024-07-26 04:00:00,24.2421668910,16,10,0,0,37165.4882812500,35516.5234375000,24,100.0000000000
test,2024-07-27,41118.4453125000,2024-07-27 03:00:00,35346.9062500000,2024-07-27 05:00:00,9.2293691804,2024-07-27 05:00:00,4785.4726562500,2024-07-27 03:00:00,30.2543936346,13,6,0,0,36218.6484375000,35030.6562500000,24,100.0000000000
test,2024-07-28,32353.2011718750,2024-07-28 03:00:00,27611.3652343750,2024-07-28 05:00:00,11.6531451019,2024-07-28 05:00:00,6482.3828125000,2024-07-28 03:00:00,40.3424324640,2,1,2,0,28398.1152343750,27343.1152343750,24,100.0000000000
test,2024-07-29,30790.8984375000,2024-07-29 04:00:00,26621.8300781250,2024-07-29 05:00:00,10.8950414452,2024-07-29 14:00:00,6662.6035156250,2024-07-29 04:00:00,37.8967983598,0,0,2,0,27593.5800781250,26545.3300781250,24,100.0000000000
test,2024-07-30,33680.0039062500,2024-07-30 03:00:00,29340.6250000000,2024-07-30 05:00:00,10.9638924398,2024-07-30 05:00:00,6556.7226562500,2024-07-30 04:00:00,34.0500615929,8,3,2,0,30107.1250000000,29059.3750000000,24,100.0000000000
test,2024-07-31,35896.9726562500,2024-07-31 03:00:00,31077.6601562500,2024-07-31 05:00:00,10.7724278192,2024-07-31 05:00:00,6221.0234375000,2024-07-31 04:00:00,35.2767798206,8,4,2,0,31987.4101562500,30938.4101562500,24,100.0000000000
test,2024-08-01,37163.6015625000,2024-08-01 03:00:00,31270.0468750000,2024-08-01 05:00:00,8.6454696516,2024-08-01 14:00:00,5561.2812500000,2024-08-01 03:00:00,31.2511710692,9,4,2,0,32482.0468750000,31392.2968750000,24,100.0000000000
test,2024-08-02,37942.6210937500,2024-08-02 03:00:00,34148.2812500000,2024-08-02 04:00:00,5.0464154505,2024-08-02 12:00:00,5154.5078125000,2024-08-02 03:00:00,22.5019518393,10,6,0,0,33697.3476562500,32596.3476562500,24,100.0000000000
test,2024-08-03,41245.0703125000,2024-08-03 02:00:00,37580.3398437500,2024-08-03 04:00:00,3.9668057738,2024-08-03 05:00:00,2947.2890625000,2024-08-03 03:00:00,18.1249570467,12,10,0,0,35852.5351562500,34704.0351562500,24,100.0000000000
test,2024-08-04,38449.8906250000,2024-08-04 03:00:00,35204.7343750000,2024-08-04 04:00:00,1.7926118148,2024-08-04 14:00:00,4151.6015625000,2024-08-04 03:00:00,23.9427983392,9,8,0,2,34124.4843750000,32593.3906250000,24,100.0000000000
test,2024-08-05,37362.9218750000,2024-08-05 03:00:00,33647.2578125000,2024-08-05 04:00:00,7.9893869357,2024-08-05 05:00:00,6196.5937500000,2024-08-05 03:00:00,28.8991783504,11,6,2,0,33667.4882812500,32353.7382812500,24,100.0000000000
test,2024-08-06,40968.3867187500,2024-08-06 02:00:00,35715.1796875000,2024-08-06 04:00:00,7.7331840935,2024-08-06 14:00:00,4835.8710937500,2024-08-06 03:00:00,25.6245057813,15,6,0,0,36466.0937500000,35187.8437500000,24,100.0000000000
test,2024-08-07,41122.2148437500,2024-08-07 02:00:00,35955.0820312500,2024-08-07 04:00:00,6.9568279305,2024-08-07 14:00:00,4311.9101562500,2024-08-07 03:00:00,24.9774280274,13,8,0,0,36517.5820312500,35086.2031250000,24,100.0000000000
test,2024-08-08,42101.3046875000,2024-08-08 03:00:00,37044.9218750000,2024-08-08 04:00:00,9.0920048631,2024-08-08 05:00:00,5882.0664062500,2024-08-08 03:00:00,26.0525092123,14,7,1,0,37484.6718750000,35859.1718750000,24,100.0000000000
test,2024-08-09,38511.4726562500,2024-08-09 03:00:00,32248.5312500000,2024-08-09 04:00:00,13.6006912184,2024-08-09 05:00:00,5928.9101562500,2024-08-09 03:00:00,33.3090307340,10,5,1,0,34391.7812500000,32679.2812500000,24,100.0000000000
test,2024-08-10,38714.2656250000,2024-08-10 03:00:00,31475.5078125000,2024-08-10 04:00:00,14.6129741080,2024-08-10 05:00:00,5888.9023437500,2024-08-10 03:00:00,33.4185199365,9,5,1,0,34410.7578125000,32611.3476562500,24,100.0000000000
test,2024-08-11,36825.3398437500,2024-08-11 03:00:00,31362.2851562500,2024-08-11 04:00:00,12.7648901851,2024-08-11 05:00:00,6692.3945312500,2024-08-11 03:00:00,34.1816563025,8,4,1,0,32886.5351562500,31432.1210937500,24,100.0000000000
test,2024-08-12,36951.5664062500,2024-08-12 03:00:00,31370.2304687500,2024-08-12 04:00:00,13.1276418600,2024-08-12 05:00:00,5637.5000000000,2024-08-12 03:00:00,31.5034179682,11,5,1,0,33233.7304687500,31854.7851562500,24,100.0000000000
test,2024-08-13,40113.8632812500,2024-08-13 03:00:00,35315.0507812500,2024-08-13 04:00:00,9.2950532752,2024-08-13 05:00:00,5174.8203125000,2024-08-13 03:00:00,28.8329282205,12,6,0,0,35916.8007812500,33878.5507812500,24,100.0000000000
test,2024-08-14,38917.8554687500,2024-08-14 03:00:00,33736.9453125000,2024-08-14 04:00:00,9.1402831643,2024-08-14 06:00:00,7202.0507812500,2024-08-14 03:00:00,32.5513354893,12,6,1,0,34821.6953125000,33162.5664062500,24,100.0000000000
test,2024-08-15,38579.4375000000,2024-08-15 03:00:00,33294.6171875000,2024-08-15 04:00:00,11.1640228473,2024-08-15 05:00:00,7434.0117187500,2024-08-15 03:00:00,35.7253751437,11,5,2,0,34519.6171875000,33051.0039062500,24,100.0000000000
test,2024-08-16,37901.9140625000,2024-08-16 03:00:00,32007.0390625000,2024-08-16 04:00:00,13.0288041348,2024-08-16 05:00:00,7521.8164062500,2024-08-16 03:00:00,36.7679798362,10,4,2,0,34047.2890625000,32519.6562500000,24,100.0000000000
test,2024-08-17,38555.4765625000,2024-08-17 03:00:00,33439.9140625000,2024-08-17 04:00:00,9.9300742229,2024-08-17 14:00:00,7237.4140625000,2024-08-17 03:00:00,32.3266268633,9,5,1,0,34415.9140625000,32430.6640625000,24,100.0000000000
test,2024-08-18,33786.7343750000,2024-08-18 04:00:00,30045.3398437500,2024-08-18 05:00:00,9.4701670143,2024-08-18 14:00:00,6278.3320312500,2024-08-18 03:00:00,33.7724839173,6,4,1,0,30526.3398437500,29419.0898437500,24,100.0000000000
test,2024-08-19,32403.6191406250,2024-08-19 03:00:00,27498.1855468750,2024-08-19 04:00:00,12.2142576134,2024-08-19 15:00:00,7525.4316406250,2024-08-19 03:00:00,34.7526100637,3,2,1,0,28508.6855468750,27344.4277343750,24,100.0000000000
test,2024-08-20,38426.6484375000,2024-08-20 03:00:00,34666.5078125000,2024-08-20 04:00:00,5.5347000895,2024-08-20 14:00:00,6984.7265625000,2024-08-20 03:00:00,26.5009202240,12,6,1,0,34041.5078125000,32499.0078125000,24,100.0000000000
test,2024-08-21,38574.8281250000,2024-08-21 03:00:00,34505.8554687500,2024-08-21 04:00:00,7.6315110511,2024-08-21 14:00:00,6855.1679687500,2024-08-21 03:00:00,28.8825336906,10,6,1,0,34266.1054687500,32919.2773437500,24,100.0000000000
test,2024-08-22,38894.5507812500,2024-08-22 03:00:00,33585.2617187500,2024-08-22 04:00:00,11.8341139524,2024-08-22 04:00:00,6827.6484375000,2024-08-22 03:00:00,30.7729850413,11,5,1,0,34418.7617187500,32748.0117187500,24,100.0000000000
test,2024-08-23,35843.4765625000,2024-08-23 03:00:00,31445.8750000000,2024-08-23 04:00:00,9.6330741242,2024-08-23 06:00:00,7293.0781250000,2024-08-23 03:00:00,32.6246036800,8,5,1,0,31817.8750000000,30633.9218750000,24,100.0000000000
test,2024-08-24,32901.3476562500,2024-08-24 03:00:00,28957.2089843750,2024-08-24 04:00:00,10.0348466711,2024-08-24 05:00:00,7155.3789062500,2024-08-24 03:00:00,37.6450270204,4,3,1,0,29062.9589843750,27801.8222656250,24,100.0000000000
test,2024-08-25,31409.7207031250,2024-08-25 03:00:00,27650.7304687500,2024-08-25 04:00:00,10.5995896632,2024-08-25 05:00:00,7441.4687500000,2024-08-25 03:00:00,36.8533560923,0,2,1,0,27457.2304687500,26048.7304687500,24,100.0000000000
test,2024-08-26,30070.4414062500,2024-08-26 04:00:00,25491.4414062500,2024-08-26 04:00:00,14.5153591397,2024-08-26 05:00:00,8471.1757812500,2024-08-26 03:00:00,37.4823344120,0,0,1,0,26552.4414062500,25273.3789062500,24,100.0000000000
test,2024-08-27,36292.0625000000,2024-08-27 03:00:00,32967.6914062500,2024-08-27 04:00:00,2.4666188022,2024-08-27 14:00:00,7304.0195312500,2024-08-27 03:00:00,26.0650116256,9,5,1,1,32209.1914062500,30686.4414062500,24,100.0000000000
test,2024-08-28,38946.8476562500,2024-08-28 03:00:00,36575.6054687500,2024-08-28 04:00:00,2.7405215031,2024-08-28 14:00:00,7770.8867187500,2024-08-28 03:00:00,23.7288687912,11,7,1,1,34961.3554687500,33344.8554687500,24,100.0000000000
test,2024-08-29,37357.2421875000,2024-08-29 03:00:00,34835.1718750000,2024-08-29 04:00:00,3.9735031428,2024-08-29 14:00:00,7234.2851562500,2024-08-29 03:00:00,25.0268781378,11,6,1,0,33932.9218750000,32071.1718750000,24,100.0000000000
test,2024-08-30,35057.1250000000,2024-08-30 03:00:00,32736.0351562500,2024-08-30 04:00:00,6.5193115396,2024-08-30 04:00:00,7324.4765625000,2024-08-30 03:00:00,29.0112135087,7,5,1,0,32033.5351562500,30176.7851562500,24,100.0000000000
test,2024-08-31,34230.2773437500,2024-08-31 04:00:00,31150.2773437500,2024-08-31 04:00:00,5.4632112131,2024-08-31 14:00:00,7192.9648437500,2024-08-31 03:00:00,30.6067177228,6,5,1,0,31101.5273437500,29388.0273437500,24,100.0000000000
test,2024-09-01,33409.7187500000,2024-09-01 03:00:00,30733.8632812500,2024-09-01 04:00:00,5.9698693351,2024-09-01 14:00:00,7225.7167968750,2024-09-01 03:00:00,31.3206375342,4,4,1,0,30014.8632812500,28215.8632812500,24,100.0000000000
test,2024-09-02,33777.1210937500,2024-09-02 04:00:00,31046.1210937500,2024-09-02 04:00:00,5.4129699183,2024-09-02 14:00:00,7272.3320312500,2024-09-02 03:00:00,27.7770587452,8,5,1,0,30746.6210937500,28947.8710937500,24,100.0000000000
test,2024-09-03,35798.8320312500,2024-09-03 03:00:00,32629.4531250000,2024-09-03 04:00:00,6.3591960136,2024-09-03 14:00:00,7933.6914062500,2024-09-03 03:00:00,28.4065660102,9,5,1,0,32552.7031250000,30645.4531250000,24,100.0000000000
test,2024-09-04,40036.3007812500,2024-09-04 03:00:00,37049.7578125000,2024-09-04 04:00:00,1.4623815716,2024-09-04 14:00:00,6908.2382812500,2024-09-04 03:00:00,22.9539115586,11,7,1,4,36315.0078125000,34363.2578125000,24,100.0000000000
test,2024-09-05,41917.6406250000,2024-09-05 03:00:00,39012.4609375000,2024-09-05 04:00:00,1.5867737711,2024-09-05 14:00:00,7044.2695312500,2024-09-05 03:00:00,21.4349007083,14,8,1,4,38020.4609375000,35977.2109375000,24,100.0000000000
test,2024-09-06,45865.0937500000,2024-09-06 02:00:00,40352.3632812500,2024-09-06 04:00:00,5.8482345994,2024-09-06 15:00:00,5979.5742187500,2024-09-06 03:00:00,21.9256897385,17,12,1,0,40561.3632812500,38723.6132812500,24,100.0000000000
test,2024-09-07,46775.9062500000,2024-09-07 02:00:00,40625.2382812500,2024-09-07 04:00:00,4.3036809402,2024-09-07 15:00:00,4733.7070312500,2024-09-07 03:00:00,19.8943015842,19,15,0,0,40632.2382812500,39038.7382812500,24,100.0000000000
test,2024-09-08,44220.1757812500,2024-09-08 03:00:00,40910.3085937500,2024-09-08 04:00:00,3.7921720307,2024-09-08 14:00:00,8218.9687500000,2024-09-08 03:00:00,20.1907667931,17,15,1,0,40562.8085937500,39027.3085937500,24,100.0000000000
test,2024-09-09,41664.9453125000,2024-09-09 03:00:00,37599.3007812500,2024-09-09 04:00:00,4.6421263884,2024-09-09 09:00:00,4770.6328125000,2024-09-09 03:00:00,19.8066134675,15,11,0,0,38010.3007812500,36558.3007812500,24,100.0000000000
test,2024-09-10,42271.0195312500,2024-09-10 00:00:00,38427.8671875000,2024-09-10 04:00:00,4.1028879398,2024-09-10 14:00:00,5788.1289062500,2024-09-10 03:00:00,21.0270004865,16,11,1,0,38366.6171875000,36859.3671875000,24,100.0000000000
test,2024-09-11,39998.1523437500,2024-09-11 02:00:00,36228.3945312500,2024-09-11 04:00:00,7.6475217399,2024-09-11 04:00:00,7004.4765625000,2024-09-11 03:00:00,26.5430240596,13,8,1,0,36756.8945312500,35348.1445312500,24,100.0000000000
test,2024-09-12,34048.3789062500,2024-09-12 02:00:00,30691.0273437500,2024-09-12 04:00:00,8.9395844872,2024-09-12 04:00:00,6851.9140625000,2024-09-12 03:00:00,35.1167861243,6,5,2,0,31267.5273437500,29965.5273437500,24,100.0000000000
test,2024-09-13,30194.8574218750,2024-09-13 03:00:00,25449.3066406250,2024-09-13 04:00:00,15.4488608509,2024-09-13 04:00:00,8819.0234375000,2024-09-13 03:00:00,39.4093542899,0,0,2,0,27678.5566406250,26381.0566406250,24,100.0000000000
test,2024-09-14,30794.9453125000,2024-09-14 03:00:00,25913.4003906250,2024-09-14 04:00:00,5.2402800702,2024-09-14 15:00:00,7951.4160156250,2024-09-14 03:00:00,33.3469300370,0,0,1,0,27930.6503906250,26690.6503906250,24,100.0000000000
test,2024-09-15,29597.1035156250,2024-09-15 03:00:00,27225.0175781250,2024-09-15 04:00:00,4.6608974443,2024-09-15 14:00:00,7710.8359375000,2024-09-15 03:00:00,31.1421397826,0,1,2,0,27007.7675781250,25744.0175781250,24,100.0000000000
test,2024-09-16,29551.8808593750,2024-09-16 03:00:00,25969.2421875000,2024-09-16 04:00:00,11.2048583165,2024-09-16 04:00:00,8049.9277343750,2024-09-16 03:00:00,38.7683253537,0,0,2,0,27006.4921875000,25777.4921875000,24,100.0000000000
test,2024-09-17,31516.4980468750,2024-09-17 23:00:00,23633.2343750000,2024-09-17 04:00:00,10.9812969337,2024-09-17 15:00:00,8657.6660156250,2024-09-17 03:00:00,35.2193341397,1,0,2,0,26177.4843750000,24849.4843750000,24,100.0000000000
test,2024-09-18,28558.7578125000,2024-09-18 04:00:00,25233.7578125000,2024-09-18 04:00:00,10.3771160959,2024-09-18 06:00:00,7321.5820312500,2024-09-18 03:00:00,35.5486832937,0,0,2,0,26329.0078125000,25012.5078125000,24,100.0000000000
test,2024-09-19,28727.3144531250,2024-09-19 03:00:00,23668.9707031250,2024-09-19 04:00:00,10.0195169583,2024-09-19 15:00:00,7867.6425781250,2024-09-19 03:00:00,33.0863068605,0,0,1,0,26227.2207031250,24920.2207031250,24,100.0000000000
test,2024-09-20,29504.5644531250,2024-09-20 03:00:00,27126.7128906250,2024-09-20 04:00:00,6.3380664141,2024-09-20 13:00:00,6283.7226562500,2024-09-20 03:00:00,28.3375165048,0,1,2,0,26945.9628906250,25630.9628906250,24,100.0000000000
test,2024-09-21,28982.9062500000,2024-09-21 03:00:00,24834.9062500000,2024-09-21 03:00:00,13.1699240346,2024-09-21 05:00:00,6496.3144531250,2024-09-21 02:00:00,34.6829709217,0,0,2,0,26345.0195312500,25042.0195312500,24,100.0000000000
test,2024-09-22,28186.3984375000,2024-09-22 03:00:00,23849.5019531250,2024-09-22 04:00:00,12.2580691234,2024-09-22 15:00:00,6923.0000000000,2024-09-22 03:00:00,37.9341930908,0,0,2,0,25933.7519531250,24538.7519531250,24,100.0000000000
test,2024-09-23,29096.3066406250,2024-09-23 03:00:00,26263.2812500000,2024-09-23 04:00:00,6.9987550304,2024-09-23 15:00:00,7984.5800781250,2024-09-23 03:00:00,31.1009523944,0,0,2,0,26667.5312500000,25417.5312500000,24,100.0000000000
test,2024-09-24,34478.8632812500,2024-09-24 03:00:00,32515.8632812500,2024-09-24 03:00:00,1.7003151024,2024-09-24 14:00:00,6848.8476562500,2024-09-24 03:00:00,23.1767011131,7,4,2,3,31606.4492187500,30274.6992187500,24,100.0000000000
test,2024-09-25,35952.6289062500,2024-09-25 03:00:00,34771.3085937500,2024-09-25 04:00:00,1.3280623788,2024-09-25 04:00:00,7312.6523437500,2024-09-25 03:00:00,22.0499776806,8,7,2,10,33155.8085937500,31831.8085937500,24,100.0000000000
test,2024-09-26,32452.7500000000,2024-09-26 03:00:00,30241.7500000000,2024-09-26 03:00:00,6.4528106240,2024-09-26 04:00:00,6981.4199218750,2024-09-26 02:00:00,27.9838294234,3,4,2,0,29794.0820312500,28504.8320312500,24,100.0000000000
test,2024-09-27,30587.2519531250,2024-09-27 03:00:00,27204.6210937500,2024-09-27 04:00:00,8.0654291116,2024-09-27 15:00:00,7056.4453125000,2024-09-27 03:00:00,31.8696536127,0,2,2,0,28055.6210937500,26855.8710937500,24,100.0000000000
test,2024-09-28,30530.9921875000,2024-09-28 03:00:00,28287.8125000000,2024-09-28 04:00:00,3.3602159310,2024-09-28 15:00:00,6916.8222656250,2024-09-28 02:00:00,29.4980568890,0,3,2,0,28111.5625000000,26798.0625000000,24,100.0000000000
test,2024-09-29,29135.6503906250,2024-09-29 03:00:00,27745.5683593750,2024-09-29 04:00:00,3.3413080707,2024-09-29 14:00:00,7756.2617187500,2024-09-29 02:00:00,30.2854670964,0,3,2,0,26737.5683593750,25425.8183593750,24,100.0000000000
test,2024-09-30,28768.9531250000,2024-09-30 03:00:00,25778.2968750000,2024-09-30 04:00:00,9.8859352972,2024-09-30 04:00:00,8268.9863281250,2024-09-30 02:00:00,33.6533515258,0,0,2,0,26578.7968750000,25271.5468750000,24,100.0000000000
test,2024-10-01,32911.4726562500,2024-10-01 03:00:00,29034.4726562500,2024-10-01 03:00:00,5.4818245396,2024-10-01 13:00:00,6952.1191406250,2024-10-01 02:00:00,27.3437617452,4,3,2,0,30298.4726562500,28712.8476562500,24,100.0000000000
test,2024-10-02,37782.1523437500,2024-10-02 02:00:00,36273.9101562500,2024-10-02 03:00:00,1.8213713017,2024-10-02 04:00:00,8193.8984375000,2024-10-02 02:00:00,21.9599022671,8,7,2,6,34885.4101562500,33009.6445312500,24,100.0000000000
test,2024-10-03,39163.0625000000,2024-10-03 02:00:00,37871.4179687500,2024-10-03 03:00:00,1.7480073068,2024-10-03 04:00:00,7477.5859375000,2024-10-03 02:00:00,19.8824783110,8,7,1,12,36332.1679687500,34028.0312500000,24,100.0000000000
test,2024-10-04,38929.3476562500,2024-10-04 02:00:00,36842.2617187500,2024-10-04 03:00:00,5.0444333733,2024-10-04 04:00:00,7317.8359375000,2024-10-04 02:00:00,23.5729153162,9,7,1,0,36451.7617187500,34064.9687500000,24,100.0000000000
test,2024-10-05,37688.9179687500,2024-10-05 02:00:00,35173.8242187500,2024-10-05 03:00:00,3.5879987127,2024-10-05 15:00:00,7155.9492187500,2024-10-05 02:00:00,22.2904603408,7,6,1,0,34896.8242187500,32517.2109375000,24,100.0000000000
test,2024-10-06,36014.3632812500,2024-10-06 03:00:00,34038.3632812500,2024-10-06 03:00:00,3.5986505061,2024-10-06 15:00:00,7112.0351562500,2024-10-06 02:00:00,24.0276685006,7,6,1,0,33804.3632812500,31794.5039062500,24,100.0000000000
test,2024-10-07,35643.9804687500,2024-10-07 03:00:00,34536.9804687500,2024-10-07 03:00:00,1.9429775041,2024-10-07 13:00:00,8342.1718750000,2024-10-07 02:00:00,20.1800716187,9,7,1,5,33556.4804687500,31763.7695312500,24,100.0000000000
test,2024-10-08,38990.6445312500,2024-10-08 02:00:00,37616.5429687500,2024-10-08 03:00:00,0.8021487126,2024-10-08 14:00:00,7462.2851562500,2024-10-08 02:00:00,17.4208719991,11,7,1,8,37061.2929687500,34538.1484375000,24,100.0000000000
test,2024-10-09,36808.4609375000,2024-10-09 03:00:00,35216.4609375000,2024-10-09 03:00:00,3.7420528303,2024-10-09 07:00:00,7044.2421875000,2024-10-09 02:00:00,19.8040950384,9,7,1,0,34987.2109375000,32573.9257812500,24,100.0000000000
test,2024-10-10,33987.7187500000,2024-10-10 03:00:00,31992.7187500000,2024-10-10 03:00:00,5.8697672965,2024-10-10 03:00:00,7448.0292968750,2024-10-10 02:00:00,25.3557730114,5,5,1,0,32311.2187500000,30274.1796875000,24,100.0000000000
test,2024-10-11,32934.5429687500,2024-10-11 03:00:00,30706.5429687500,2024-10-11 03:00:00,4.2392091564,2024-10-11 15:00:00,7929.7324218750,2024-10-11 02:00:00,23.1207585504,4,4,1,0,31323.2929687500,29001.1953125000,24,100.0000000000
test,2024-10-12,31775.5507812500,2024-10-12 03:00:00,29110.5507812500,2024-10-12 03:00:00,6.4447115481,2024-10-12 15:00:00,6953.4726562500,2024-10-12 02:00:00,25.6333747418,1,3,1,0,30164.3007812500,28232.2851562500,24,100.0000000000
test,2024-10-13,28274.1816406250,2024-10-13 03:00:00,26000.1816406250,2024-10-13 03:00:00,8.0426730963,2024-10-13 03:00:00,7132.5507812500,2024-10-13 02:00:00,32.0683796109,0,0,1,0,26688.4316406250,25074.3984375000,24,100.0000000000
test,2024-10-14,28567.6152343750,2024-10-14 03:00:00,25313.6152343750,2024-10-14 03:00:00,9.8247252190,2024-10-14 15:00:00,8900.1250000000,2024-10-14 02:00:00,31.3696482640,0,0,1,0,27022.1152343750,25224.3671875000,24,100.0000000000
test,2024-10-15,29418.1054687500,2024-10-15 03:00:00,26413.1054687500,2024-10-15 03:00:00,8.5633521757,2024-10-15 15:00:00,7815.9921875000,2024-10-15 02:00:00,28.8484553623,0,0,1,0,27887.1054687500,26194.0566406250,24,100.0000000000
test,2024-10-16,31311.8066406250,2024-10-16 03:00:00,28136.8066406250,2024-10-16 03:00:00,6.5686021722,2024-10-16 15:00:00,7977.7031250000,2024-10-16 02:00:00,25.9965221381,0,2,1,0,29790.0566406250,27937.3632812500,24,100.0000000000
test,2024-10-17,33554.5898437500,2024-10-17 03:00:00,30976.5898437500,2024-10-17 03:00:00,7.6830025699,2024-10-17 03:00:00,8348.3203125000,2024-10-17 02:00:00,25.9120105680,4,4,1,0,32046.5898437500,30026.0898437500,24,100.0000000000
test,2024-10-18,30010.4628906250,2024-10-18 03:00:00,25758.4628906250,2024-10-18 03:00:00,14.1683919222,2024-10-18 03:00:00,6756.6621093750,2024-10-18 02:00:00,34.4114300553,0,0,1,0,28509.4628906250,26554.1660156250,24,100.0000000000
test,2024-10-19,27837.2421875000,2024-10-19 03:00:00,23523.2421875000,2024-10-19 03:00:00,10.7029262301,2024-10-19 15:00:00,8271.9492187500,2024-10-19 02:00:00,35.9672109489,0,0,1,0,26341.7421875000,24565.3769531250,24,100.0000000000
test,2024-10-20,26305.5859375000,2024-10-20 04:00:00,23875.5859375000,2024-10-20 04:00:00,6.6682004568,2024-10-20 15:00:00,8645.9042968750,2024-10-20 02:00:00,32.9599735488,0,0,1,0,24728.8359375000,23312.0859375000,24,100.0000000000
test,2024-10-21,26705.6328125000,2024-10-21 03:00:00,26130.4902343750,2024-10-21 04:00:00,1.0217885234,2024-10-21 11:00:00,8434.7246093750,2024-10-21 02:00:00,22.9594470609,0,0,1,10,25426.6328125000,23696.9902343750,24,100.0000000000
test,2024-10-22,28508.0937500000,2024-10-22 03:00:00,27186.0937500000,2024-10-22 03:00:00,3.3126436515,2024-10-22 15:00:00,7856.1621093750,2024-10-22 02:00:00,23.2419460553,0,2,1,0,27110.0937500000,25171.3437500000,24,100.0000000000
test,2024-10-23,29662.2382812500,2024-10-23 03:00:00,27999.2382812500,2024-10-23 03:00:00,4.5123436789,2024-10-23 15:00:00,8138.7578125000,2024-10-23 02:00:00,23.3930492562,0,2,1,0,28220.9804687500,26566.2304687500,24,100.0000000000
test,2024-10-24,30372.5253906250,2024-10-24 03:00:00,29745.5253906250,2024-10-24 03:00:00,2.0643657119,2024-10-24 03:00:00,8505.5546875000,2024-10-24 02:00:00,21.8680892425,0,4,1,4,29035.7753906250,27194.2753906250,24,100.0000000000
test,2024-10-25,29752.6953125000,2024-10-25 03:00:00,27806.6953125000,2024-10-25 03:00:00,6.5405839019,2024-10-25 03:00:00,8314.9082031250,2024-10-25 02:00:00,27.8366902934,0,2,1,0,28457.9453125000,26773.1953125000,24,100.0000000000
test,2024-10-26,28443.6484375000,2024-10-26 03:00:00,27430.6093750000,2024-10-26 04:00:00,1.7731763266,2024-10-26 05:00:00,8639.9023437500,2024-10-26 02:00:00,24.3944254074,0,2,1,10,27270.1484375000,25497.8984375000,24,100.0000000000
test,2024-10-27,26329.5136718750,2024-10-27 04:00:00,25903.5136718750,2024-10-27 04:00:00,1.2099552619,2024-10-27 03:00:00,8409.1191406250,2024-10-27 02:00:00,24.8642125600,0,0,1,7,25176.7636718750,23445.0136718750,24,100.0000000000
test,2024-10-28,27133.9003906250,2024-10-28 03:00:00,26588.9003906250,2024-10-28 03:00:00,2.0085575319,2024-10-28 03:00:00,7424.8730468750,2024-10-28 02:00:00,21.6926607201,0,0,1,2,26059.4003906250,24335.1503906250,24,100.0000000000
test,2024-10-29,28595.0937500000,2024-10-29 03:00:00,24662.0937500000,2024-10-29 03:00:00,13.7541077305,2024-10-29 03:00:00,5026.7070312500,2024-10-29 02:00:00,31.3699306588,0,0,0,0,27521.0937500000,25805.8437500000,24,100.0000000000
test,2024-10-30,27857.1093750000,2024-10-30 03:00:00,22942.2812500000,2024-10-30 04:00:00,11.8429392092,2024-10-30 12:00:00,7384.5820312500,2024-10-30 02:00:00,32.9700858235,0,0,1,0,26701.6093750000,24856.8593750000,24,100.0000000000
test,2024-10-31,27531.5664062500,2024-10-31 03:00:00,24168.2832031250,2024-10-31 04:00:00,3.5758583059,2024-10-31 15:00:00,7241.7167968750,2024-10-31 02:00:00,23.9546431376,0,0,1,0,26251.3164062500,24432.3164062500,24,100.0000000000
test,2024-11-01,27685.0488281250,2024-11-01 03:00:00,26707.0488281250,2024-11-01 03:00:00,3.2509619904,2024-11-01 07:00:00,7792.0664062500,2024-11-01 02:00:00,24.2109427790,0,0,1,0,26531.5488281250,24592.7988281250,24,100.0000000000
test,2024-11-02,26874.2207031250,2024-11-02 03:00:00,23522.2207031250,2024-11-02 03:00:00,5.3696213574,2024-11-02 11:00:00,7378.7500000000,2024-11-02 02:00:00,29.6604032275,0,0,1,0,25720.7207031250,23687.7207031250,24,100.0000000000
test,2024-11-03,26915.6035156250,2024-11-03 03:00:00,23563.6035156250,2024-11-03 03:00:00,11.8313483509,2024-11-03 05:00:00,7461.0859375000,2024-11-03 02:00:00,22.9661145941,0,0,1,0,25762.1035156250,23620.6035156250,8,33.3333333333
test,2024-11-04,26635.5449218750,2024-11-04 04:00:00,20178.2636718750,2024-11-04 15:00:00,13.8463920881,2024-11-04 15:00:00,1485.4023437500,2024-11-04 15:00:00,35.4166532303,0,0,0,0,25438.5449218750,23249.5449218750,16,66.6666666667
test,2024-11-05,27849.0820312500,2024-11-05 03:00:00,24009.0820312500,2024-11-05 03:00:00,4.8414546885,2024-11-05 15:00:00,7329.1152343750,2024-11-05 02:00:00,27.1239139765,0,0,1,0,26511.5820312500,24494.5820312500,24,100.0000000000
test,2024-11-06,27851.9746093750,2024-11-06 03:00:00,27310.0156250000,2024-11-06 04:00:00,1.4897369232,2024-11-06 04:00:00,9078.2636718750,2024-11-06 02:00:00,23.7899050928,0,2,1,6,26662.5156250000,24499.9746093750,24,100.0000000000
test,2024-11-07,27348.7636718750,2024-11-07 04:00:00,23737.8007812500,2024-11-07 03:00:00,12.0352095930,2024-11-07 15:00:00,5965.7812500000,2024-11-07 02:00:00,30.9064771889,0,0,2,0,26288.2636718750,23897.7636718750,24,100.0000000000
test,2024-11-08,27018.2167968750,2024-11-08 04:00:00,24748.2167968750,2024-11-08 04:00:00,6.5523091774,2024-11-08 15:00:00,8712.3710937500,2024-11-08 02:00:00,27.2255041247,0,0,1,0,25957.7167968750,23567.2167968750,24,100.0000000000
test,2024-11-09,27119.2910156250,2024-11-09 04:00:00,26795.2910156250,2024-11-09 04:00:00,0.6581722534,2024-11-09 15:00:00,8699.0859375000,2024-11-09 02:00:00,22.5539581029,0,0,1,13,26248.2910156250,23702.8300781250,24,100.0000000000
test,2024-11-10,26789.8066406250,2024-11-10 03:00:00,25809.8066406250,2024-11-10 03:00:00,3.4600620909,2024-11-10 15:00:00,8735.2949218750,2024-11-10 02:00:00,25.6368969038,0,0,2,0,25801.8066406250,23478.8066406250,24,100.0000000000
test,2024-11-11,26356.4960937500,2024-11-11 04:00:00,25745.4960937500,2024-11-11 04:00:00,2.2146396749,2024-11-11 03:00:00,8752.1777343750,2024-11-11 02:00:00,20.4548562549,0,0,2,13,25629.4960937500,22908.4960937500,24,100.0000000000
test,2024-11-12,27301.0664062500,2024-11-12 03:00:00,26989.0664062500,2024-11-12 03:00:00,1.1428125017,2024-11-12 03:00:00,7196.3886718750,2024-11-12 02:00:00,18.9909675970,0,1,1,7,26643.0664062500,24023.0664062500,24,100.0000000000
test,2024-11-13,27672.6289062500,2024-11-13 04:00:00,24146.3164062500,2024-11-13 03:00:00,11.2667311020,2024-11-13 15:00:00,6342.7148437500,2024-11-13 02:00:00,28.3480562073,0,0,1,0,27038.6289062500,24131.1289062500,24,100.0000000000
test,2024-11-14,27872.3574218750,2024-11-14 03:00:00,26923.3574218750,2024-11-14 03:00:00,3.2120065493,2024-11-14 04:00:00,6870.3046875000,2024-11-14 02:00:00,21.0839086858,0,1,1,0,27216.3574218750,24585.8574218750,24,100.0000000000
test,2024-11-15,27941.4433593750,2024-11-15 03:00:00,26424.3496093750,2024-11-15 04:00:00,4.4616534273,2024-11-15 05:00:00,8147.5703125000,2024-11-15 02:00:00,23.2658192165,0,0,1,0,27285.4433593750,24690.9433593750,24,100.0000000000
test,2024-11-16,27024.4707031250,2024-11-16 04:00:00,23793.1484375000,2024-11-16 03:00:00,10.6961180493,2024-11-16 02:00:00,6005.0117187500,2024-11-16 02:00:00,32.7451721758,0,0,1,0,26376.9707031250,23673.1484375000,24,100.0000000000
test,2024-11-17,25658.1074218750,2024-11-17 04:00:00,21610.1074218750,2024-11-17 04:00:00,15.7766897357,2024-11-17 04:00:00,6996.8125000000,2024-11-17 02:00:00,35.9617696179,0,0,1,0,25010.1074218750,22322.7031250000,24,100.0000000000
test,2024-11-18,26214.0019531250,2024-11-18 04:00:00,25069.8769531250,2024-11-18 05:00:00,2.6257588482,2024-11-18 07:00:00,7484.0390625000,2024-11-18 02:00:00,21.8609814174,0,0,1,2,25472.0019531250,22794.3769531250,24,100.0000000000
test,2024-11-19,27491.7519531250,2024-11-19 03:00:00,25872.7519531250,2024-11-19 03:00:00,5.8890390207,2024-11-19 03:00:00,7051.0957031250,2024-11-19 02:00:00,27.2156577095,0,0,1,0,26723.7519531250,24244.2519531250,24,100.0000000000
test,2024-11-20,28552.8496093750,2024-11-20 04:00:00,24630.6093750000,2024-11-20 03:00:00,4.8508914247,2024-11-20 15:00:00,7311.3378906250,2024-11-20 02:00:00,24.8993604303,0,0,1,0,27808.8496093750,25229.6093750000,24,100.0000000000
test,2024-11-21,28721.6191406250,2024-11-21 03:00:00,27895.6191406250,2024-11-21 03:00:00,2.2106475457,2024-11-21 05:00:00,5784.9160156250,2024-11-21 02:00:00,18.0066409634,0,3,1,9,27836.6191406250,25447.1191406250,24,100.0000000000
test,2024-11-22,29276.6113281250,2024-11-22 03:00:00,27783.6113281250,2024-11-22 03:00:00,3.0869733389,2024-11-22 15:00:00,6773.1992187500,2024-11-22 02:00:00,20.3131419320,0,2,2,0,28392.1113281250,26004.6113281250,24,100.0000000000
test,2024-11-23,29185.5195312500,2024-11-23 03:00:00,28331.5195312500,2024-11-23 03:00:00,2.9261086104,2024-11-23 03:00:00,6633.1875000000,2024-11-23 02:00:00,22.5144137222,0,3,2,1,28361.5195312500,25912.5195312500,24,100.0000000000
test,2024-11-24,26461.0703125000,2024-11-24 04:00:00,24867.0703125000,2024-11-24 04:00:00,5.6773395919,2024-11-24 03:00:00,6471.8183593750,2024-11-24 02:00:00,26.8179634757,0,0,1,0,25535.0703125000,22989.3007812500,24,100.0000000000
test,2024-11-25,26547.8066406250,2024-11-25 04:00:00,23201.8066406250,2024-11-25 04:00:00,11.5961439978,2024-11-25 05:00:00,5838.5058593750,2024-11-25 02:00:00,28.0255728445,0,0,1,0,25555.8066406250,22883.3066406250,24,100.0000000000
test,2024-11-26,29305.9882812500,2024-11-26 03:00:00,26828.9882812500,2024-11-26 03:00:00,3.2928093929,2024-11-26 15:00:00,5461.8964843750,2024-11-26 02:00:00,14.2769341178,0,1,1,0,28365.9882812500,26038.4882812500,24,100.0000000000
test,2024-11-27,29339.3398437500,2024-11-27 03:00:00,28423.3398437500,2024-11-27 03:00:00,3.1220879709,2024-11-27 03:00:00,4050.7050781250,2024-11-27 01:00:00,15.0811342752,0,4,0,0,28426.8398437500,26102.8398437500,24,100.0000000000
test,2024-11-28,28700.4062500000,2024-11-28 03:00:00,25274.4062500000,2024-11-28 03:00:00,10.7356374942,2024-11-28 16:00:00,3007.5078125000,2024-11-28 01:00:00,22.0674903190,0,0,0,0,27788.4062500000,25463.9062500000,24,100.0000000000
test,2024-11-29,27620.8320312500,2024-11-29 03:00:00,26810.8320312500,2024-11-29 03:00:00,2.9325691532,2024-11-29 03:00:00,6284.9375000000,2024-11-29 02:00:00,20.2126556792,0,1,2,1,26763.3320312500,24387.3320312500,24,100.0000000000
test,2024-11-30,25263.4843750000,2024-11-30 04:00:00,24617.4843750000,2024-11-30 04:00:00,1.8149537340,2024-11-30 10:00:00,4848.6503906250,2024-11-30 01:00:00,14.8741089300,0,0,0,12,24375.4843750000,21749.9843750000,24,100.0000000000
test,2024-12-01,25792.6992187500,2024-12-01 04:00:00,24846.6992187500,2024-12-01 04:00:00,3.6677045391,2024-12-01 04:00:00,2112.9101562500,2024-12-01 01:00:00,17.3891245137,0,0,0,0,24905.6992187500,22315.6992187500,24,100.0000000000
test,2024-12-02,26193.3867187500,2024-12-02 04:00:00,25355.3867187500,2024-12-02 04:00:00,2.5391717060,2024-12-02 03:00:00,4408.6132812500,2024-12-02 01:00:00,15.4911760532,0,0,0,4,25332.6367187500,22984.1035156250,24,100.0000000000
test,2024-12-03,27966.1269531250,2024-12-03 03:00:00,27667.1269531250,2024-12-03 03:00:00,0.6738470725,2024-12-03 14:00:00,6927.8222656250,2024-12-03 02:00:00,15.4408028358,0,3,2,14,27187.3769531250,25315.1269531250,24,100.0000000000
test,2024-12-04,28146.7519531250,2024-12-04 03:00:00,27730.7519531250,2024-12-04 03:00:00,1.1078244649,2024-12-04 15:00:00,5531.2441406250,2024-12-04 02:00:00,14.9391689148,0,3,1,14,27369.0019531250,25495.7519531250,24,100.0000000000
test,2024-12-05,27795.3046875000,2024-12-05 03:00:00,27332.3046875000,2024-12-05 03:00:00,1.6657489645,2024-12-05 03:00:00,5670.1484375000,2024-12-05 01:00:00,17.4122142187,0,2,1,6,27111.3046875000,25597.8554687500,24,100.0000000000
test,2024-12-06,26895.6738281250,2024-12-06 03:00:00,26518.6738281250,2024-12-06 03:00:00,0.7578812032,2024-12-06 07:00:00,6134.6191406250,2024-12-06 02:00:00,16.5376107656,0,0,2,14,26270.4238281250,24862.6914062500,24,100.0000000000
test,2024-12-07,27274.0234375000,2024-12-07 04:00:00,26738.5585937500,2024-12-07 03:00:00,1.3622866549,2024-12-07 13:00:00,5951.2910156250,2024-12-07 02:00:00,18.3105831050,0,0,2,12,26621.3085937500,25367.0234375000,24,100.0000000000
test,2024-12-08,27078.3730468750,2024-12-08 03:00:00,26847.3730468750,2024-12-08 03:00:00,0.8356023467,2024-12-08 04:00:00,6254.9492187500,2024-12-08 02:00:00,18.2817187673,0,1,2,15,26525.3730468750,25019.6835937500,24,100.0000000000
test,2024-12-09,26688.8281250000,2024-12-09 04:00:00,25696.8281250000,2024-12-09 04:00:00,3.1747946345,2024-12-09 03:00:00,7030.3281250000,2024-12-09 02:00:00,19.0210846349,0,0,2,0,25951.3281250000,24781.8281250000,24,100.0000000000
test,2024-12-10,29213.4824218750,2024-12-10 23:00:00,25320.5371093750,2024-12-10 03:00:00,9.1755173163,2024-12-10 03:00:00,4342.0273437500,2024-12-10 02:00:00,22.7070655786,0,0,0,0,27198.5371093750,25362.0371093750,24,100.0000000000
test,2024-12-11,28885.8417968750,2024-12-11 03:00:00,27147.8417968750,2024-12-11 03:00:00,4.7214667868,2024-12-11 15:00:00,6395.4414062500,2024-12-11 02:00:00,18.4517427969,0,2,1,0,28206.5917968750,26654.8417968750,24,100.0000000000
test,2024-12-12,30962.3320312500,2024-12-12 23:00:00,27865.3496093750,2024-12-12 03:00:00,3.5044767393,2024-12-12 03:00:00,6349.0527343750,2024-12-12 02:00:00,13.9707269221,0,3,1,0,28198.0996093750,26646.3496093750,24,100.0000000000
test,2024-12-13,33484.0078125000,2024-12-13 02:00:00,32405.4140625000,2024-12-13 03:00:00,2.3586382259,2024-12-13 04:00:00,4176.5488281250,2024-12-13 01:00:00,14.1333993907,4,6,0,4,32540.4140625000,30987.4140625000,24,100.0000000000
test,2024-12-14,30667.6328125000,2024-12-14 03:00:00,26535.6328125000,2024-12-14 03:00:00,10.7036903102,2024-12-14 16:00:00,5608.2265625000,2024-12-14 01:00:00,25.3236483915,0,0,2,0,29990.6328125000,28437.6328125000,24,100.0000000000
test,2024-12-15,28239.3730468750,2024-12-15 03:00:00,25807.1308593750,2024-12-15 04:00:00,5.9846381614,2024-12-15 10:00:00,5554.8750000000,2024-12-15 01:00:00,20.9583533816,0,0,1,0,27562.3730468750,26206.3808593750,24,100.0000000000
test,2024-12-16,26977.8750000000,2024-12-16 04:00:00,23824.8750000000,2024-12-16 04:00:00,10.1989523138,2024-12-16 16:00:00,4593.9394531250,2024-12-16 01:00:00,24.6698059020,0,0,0,0,26214.3750000000,24897.8750000000,24,100.0000000000
test,2024-12-17,32551.8574218750,2024-12-17 03:00:00,31732.8574218750,2024-12-17 03:00:00,2.5159854609,2024-12-17 03:00:00,7078.8320312500,2024-12-17 02:00:00,13.4720771277,4,5,1,2,31874.8574218750,30040.8574218750,24,100.0000000000
test,2024-12-18,31394.2714843750,2024-12-18 03:00:00,29827.2714843750,2024-12-18 03:00:00,4.5333888411,2024-12-18 04:00:00,5192.3164062500,2024-12-18 02:00:00,16.3585555673,0,5,1,0,30717.2714843750,29456.0214843750,24,100.0000000000
test,2024-12-19,32698.2382812500,2024-12-19 03:00:00,31672.2382812500,2024-12-19 03:00:00,3.0255519883,2024-12-19 16:00:00,6241.3125000000,2024-12-19 02:00:00,14.3889652741,3,5,2,0,32021.2382812500,30755.4882812500,24,100.0000000000
test,2024-12-20,30094.3203125000,2024-12-20 03:00:00,29439.3203125000,2024-12-20 03:00:00,2.1764904248,2024-12-20 03:00:00,6070.2070312500,2024-12-20 02:00:00,15.3120846574,0,5,2,2,29467.0703125000,28143.5703125000,24,100.0000000000
test,2024-12-21,28437.8535156250,2024-12-21 03:00:00,27946.8535156250,2024-12-21 03:00:00,1.3434866742,2024-12-21 14:00:00,5664.4257812500,2024-12-21 02:00:00,16.3144920131,0,2,1,14,27872.3535156250,26487.1035156250,24,100.0000000000
test,2024-12-22,27042.7070312500,2024-12-22 03:00:00,26175.7070312500,2024-12-22 03:00:00,2.7730873054,2024-12-22 13:00:00,5573.3164062500,2024-12-22 02:00:00,17.4621359725,0,0,1,2,26477.2070312500,25325.0488281250,24,100.0000000000
test,2024-12-23,26723.4765625000,2024-12-23 03:00:00,25295.4765625000,2024-12-23 03:00:00,3.9334530408,2024-12-23 08:00:00,5312.9199218750,2024-12-23 02:00:00,17.6981392469,0,0,1,0,26155.7265625000,25152.2265625000,24,100.0000000000
test,2024-12-24,27813.7792968750,2024-12-24 03:00:00,24061.7792968750,2024-12-24 03:00:00,6.6911618353,2024-12-24 15:00:00,4275.4101562500,2024-12-24 01:00:00,20.4647106374,0,0,0,0,27247.5292968750,26242.5292968750,24,100.0000000000
test,2024-12-25,28086.1542968750,2024-12-25 03:00:00,27076.1542968750,2024-12-25 03:00:00,0.9550573581,2024-12-25 09:00:00,5119.0507812500,2024-12-25 02:00:00,13.3733853360,0,1,0,8,27519.9042968750,26519.9042968750,24,100.0000000000
test,2024-12-26,27016.5214843750,2024-12-26 03:00:00,22695.5214843750,2024-12-26 03:00:00,12.0404533751,2024-12-26 16:00:00,4521.4941406250,2024-12-26 02:00:00,25.4380239250,0,0,0,0,26450.2714843750,25443.0214843750,24,100.0000000000
test,2024-12-27,27150.8554687500,2024-12-27 03:00:00,24697.8554687500,2024-12-27 03:00:00,7.3492383193,2024-12-27 04:00:00,5072.3906250000,2024-12-27 01:00:00,20.7059486079,0,0,0,0,26584.6054687500,25198.8554687500,24,100.0000000000
test,2024-12-28,27191.3339843750,2024-12-28 03:00:00,24385.3339843750,2024-12-28 03:00:00,9.3155405609,2024-12-28 05:00:00,5651.8164062500,2024-12-28 02:00:00,26.7191874141,0,0,1,0,26623.3339843750,24700.0839843750,24,100.0000000000
test,2024-12-29,26485.3203125000,2024-12-29 04:00:00,23467.3203125000,2024-12-29 04:00:00,8.8716820175,2024-12-29 11:00:00,5514.5488281250,2024-12-29 02:00:00,24.3067000358,0,0,1,0,25905.0527343750,24073.8203125000,24,100.0000000000
test,2024-12-30,25773.0761718750,2024-12-30 04:00:00,23458.0761718750,2024-12-30 04:00:00,8.8080641170,2024-12-30 07:00:00,4403.8574218750,2024-12-30 02:00:00,24.3312159574,0,0,0,0,25041.8261718750,23354.0761718750,24,100.0000000000
test,2024-12-31,26813.7363281250,2024-12-31 04:00:00,22981.7363281250,2024-12-31 04:00:00,13.4844758719,2024-12-31 03:00:00,5764.2460937500,2024-12-31 02:00:00,28.3348217134,0,0,1,0,26050.9863281250,24202.5722656250,24,100.0000000000
validation,2024-01-01,26443.1054687500,2024-01-01 04:00:00,24215.1054687500,2024-01-01 04:00:00,1.8411503394,2024-01-01 16:00:00,5686.2890625000,2024-01-01 02:00:00,14.3632196853,0,0,1,2,26189.3554687500,25371.8554687500,24,100.0000000000
validation,2024-01-02,26138.3261718750,2024-01-02 04:00:00,25879.3261718750,2024-01-02 04:00:00,0.8510850183,2024-01-02 05:00:00,3584.6152343750,2024-01-02 02:00:00,11.6810799324,0,0,0,15,25899.5761718750,25063.3261718750,24,100.0000000000
validation,2024-01-03,26051.9609375000,2024-01-03 04:00:00,25795.9609375000,2024-01-03 04:00:00,0.5542849274,2024-01-03 16:00:00,6413.9453125000,2024-01-03 02:00:00,13.8341942347,0,0,1,14,25807.4609375000,24980.9609375000,24,100.0000000000
validation,2024-01-04,27623.4648437500,2024-01-04 03:00:00,27056.4648437500,2024-01-04 03:00:00,2.0526027535,2024-01-04 03:00:00,6423.6445312500,2024-01-04 02:00:00,18.0190818920,0,2,1,3,27410.4648437500,26597.4648437500,24,100.0000000000
validation,2024-01-05,27652.8671875000,2024-01-05 04:00:00,23906.2402343750,2024-01-05 03:00:00,10.5287376067,2024-01-05 16:00:00,4920.2265625000,2024-01-05 02:00:00,26.1960574398,0,0,0,0,27395.8671875000,26583.8671875000,24,100.0000000000
validation,2024-01-06,26698.2988281250,2024-01-06 04:00:00,25244.5136718750,2024-01-06 05:00:00,4.4885820854,2024-01-06 12:00:00,6618.2695312500,2024-01-06 02:00:00,18.0276423110,0,0,2,0,26441.2988281250,25629.2988281250,24,100.0000000000
validation,2024-01-07,26449.1875000000,2024-01-07 04:00:00,25195.1875000000,2024-01-07 04:00:00,1.4634128523,2024-01-07 16:00:00,6939.7265625000,2024-01-07 02:00:00,18.7621714683,0,0,1,9,26192.1875000000,25380.1875000000,24,100.0000000000
validation,2024-01-08,26748.4687500000,2024-01-08 04:00:00,23758.4687500000,2024-01-08 04:00:00,10.9298349149,2024-01-08 05:00:00,4321.0039062500,2024-01-08 01:00:00,25.2983909988,0,0,0,0,26491.4687500000,25659.9824218750,24,100.0000000000
validation,2024-01-09,26960.8847656250,2024-01-09 04:00:00,24117.7519531250,2024-01-09 06:00:00,3.3308522795,2024-01-09 16:00:00,7402.5781250000,2024-01-09 02:00:00,21.8589659679,0,0,1,0,26703.8847656250,25719.8847656250,24,100.0000000000
validation,2024-01-10,28270.5878906250,2024-01-10 05:00:00,27744.5878906250,2024-01-10 05:00:00,1.6803956329,2024-01-10 03:00:00,8410.4570312500,2024-01-10 02:00:00,18.5954120813,0,4,1,9,27985.8378906250,27036.0878906250,24,100.0000000000
validation,2024-01-11,27615.2773437500,2024-01-11 04:00:00,24776.2910156250,2024-01-11 05:00:00,10.1601654664,2024-01-11 05:00:00,5745.1367187500,2024-01-11 02:00:00,24.3888354960,0,0,1,0,27358.0273437500,26277.0273437500,24,100.0000000000
validation,2024-01-12,28155.9394531250,2024-01-12 04:00:00,24529.9394531250,2024-01-12 04:00:00,12.7140105712,2024-01-12 05:00:00,6493.4863281250,2024-01-12 02:00:00,26.1240604634,0,0,1,0,27885.9394531250,26704.1894531250,24,100.0000000000
validation,2024-01-13,27234.4902343750,2024-01-13 04:00:00,25054.4902343750,2024-01-13 04:00:00,4.2052994107,2024-01-13 15:00:00,6741.8847656250,2024-01-13 02:00:00,22.6050934011,0,0,1,0,26902.2402343750,25451.2402343750,24,100.0000000000
validation,2024-01-14,26701.6855468750,2024-01-14 04:00:00,24279.6855468750,2024-01-14 04:00:00,5.6343927325,2024-01-14 15:00:00,5530.3789062500,2024-01-14 02:00:00,21.1358172560,0,0,1,0,26368.6855468750,24495.1855468750,24,100.0000000000
validation,2024-01-15,26461.2070312500,2024-01-15 04:00:00,23873.1621093750,2024-01-15 05:00:00,9.2798212295,2024-01-15 05:00:00,6340.0781250000,2024-01-15 02:00:00,23.4707596924,0,0,1,0,26049.7070312500,24175.7070312500,24,100.0000000000
validation,2024-01-16,26925.5859375000,2024-01-16 04:00:00,25127.4941406250,2024-01-16 05:00:00,3.3950266753,2024-01-16 16:00:00,6237.4140625000,2024-01-16 02:00:00,15.8782256542,0,0,1,0,26514.0859375000,24640.0859375000,24,100.0000000000
validation,2024-01-17,27630.7812500000,2024-01-17 04:00:00,27428.7812500000,2024-01-17 04:00:00,0.3045009784,2024-01-17 08:00:00,5177.7792968750,2024-01-17 02:00:00,12.0161213082,0,3,0,14,27296.7812500000,25343.5312500000,24,100.0000000000
validation,2024-01-18,27999.8925781250,2024-01-18 03:00:00,27322.8925781250,2024-01-18 03:00:00,2.4178664190,2024-01-18 03:00:00,5749.4882812500,2024-01-18 02:00:00,17.4113275398,0,2,1,1,27748.3925781250,25657.8925781250,24,100.0000000000
validation,2024-01-19,26732.2148437500,2024-01-19 04:00:00,24095.9042968750,2024-01-19 16:00:00,2.3029606066,2024-01-19 16:00:00,5042.1757812500,2024-01-19 02:00:00,19.1682479952,0,0,0,2,26398.9648437500,24234.2148437500,24,100.0000000000
validation,2024-01-20,26572.6484375000,2024-01-20 04:00:00,26279.6484375000,2024-01-20 04:00:00,0.4752169885,2024-01-20 03:00:00,4356.5859375000,2024-01-20 02:00:00,9.9595074340,0,0,0,14,26298.6484375000,24074.6484375000,24,100.0000000000
validation,2024-01-21,26568.1679687500,2024-01-21 04:00:00,26187.8183593750,2024-01-21 03:00:00,1.0691018168,2024-01-21 03:00:00,2669.8261718750,2024-01-21 02:00:00,9.6151107696,0,0,0,7,26294.1679687500,24070.1679687500,24,100.0000000000
validation,2024-01-22,26409.6562500000,2024-01-22 04:00:00,25305.6562500000,2024-01-22 04:00:00,2.6335137136,2024-01-22 06:00:00,2303.6464843750,2024-01-22 01:00:00,11.4948829942,0,0,0,4,26135.6562500000,23911.6562500000,24,100.0000000000
validation,2024-01-23,26692.3964843750,2024-01-23 04:00:00,25907.3964843750,2024-01-23 04:00:00,2.8078533329,2024-01-23 05:00:00,3846.4882812500,2024-01-23 02:00:00,8.3411936567,0,0,0,2,26358.3964843750,24194.3964843750,24,100.0000000000
validation,2024-01-24,27718.0390625000,2024-01-24 03:00:00,26661.0390625000,2024-01-24 03:00:00,3.8134010765,2024-01-24 03:00:00,2999.7500000000,2024-01-24 02:00:00,15.3907438584,0,0,0,0,27458.2890625000,25304.2890625000,24,100.0000000000
validation,2024-01-25,26582.9277343750,2024-01-25 04:00:00,24076.4003906250,2024-01-25 06:00:00,5.0040058437,2024-01-25 07:00:00,3973.0136718750,2024-01-25 02:00:00,14.7423933615,0,0,0,0,26155.1777343750,23905.6777343750,24,100.0000000000
validation,2024-01-26,27180.6699218750,2024-01-26 03:00:00,25797.6699218750,2024-01-26 03:00:00,5.0881748094,2024-01-26 03:00:00,3136.7128906250,2024-01-26 02:00:00,21.3674597479,0,0,0,0,26673.9199218750,24590.6699218750,24,100.0000000000
validation,2024-01-27,26255.9218750000,2024-01-27 04:00:00,23396.9218750000,2024-01-27 04:00:00,3.1234593109,2024-01-27 15:00:00,7085.6894531250,2024-01-27 02:00:00,25.8657514759,0,0,1,0,25606.9218750000,23502.4218750000,24,100.0000000000
validation,2024-01-28,25491.5390625000,2024-01-28 04:00:00,24688.5390625000,2024-01-28 04:00:00,2.9573191025,2024-01-28 07:00:00,7736.4296875000,2024-01-28 02:00:00,21.3253613381,0,0,1,2,24735.7890625000,22740.0390625000,24,100.0000000000
validation,2024-01-29,25295.6367187500,2024-01-29 04:00:00,24655.6367187500,2024-01-29 04:00:00,2.5300806108,2024-01-29 04:00:00,6896.0488281250,2024-01-29 02:00:00,17.5556865072,0,0,1,2,24613.6367187500,22544.1367187500,24,100.0000000000
validation,2024-01-30,27084.1640625000,2024-01-30 04:00:00,26488.1640625000,2024-01-30 04:00:00,1.9889897411,2024-01-30 15:00:00,6284.6621093750,2024-01-30 02:00:00,18.8358908230,0,0,1,14,26402.9140625000,24332.6640625000,24,100.0000000000
validation,2024-01-31,26656.1523437500,2024-01-31 04:00:00,26449.1523437500,2024-01-31 04:00:00,0.4600049012,2024-01-31 08:00:00,8594.5195312500,2024-01-31 02:00:00,18.1463208937,0,0,1,14,25975.1523437500,23904.6523437500,24,100.0000000000
validation,2024-02-01,26821.1484375000,2024-02-01 03:00:00,26494.1484375000,2024-02-01 03:00:00,1.0242242389,2024-02-01 06:00:00,6711.5488281250,2024-02-01 02:00:00,13.9663557109,0,0,1,12,26200.3984375000,24048.5019531250,24,100.0000000000
validation,2024-02-02,27021.9843750000,2024-02-02 04:00:00,24434.4101562500,2024-02-02 03:00:00,7.2181747193,2024-02-02 16:00:00,2139.5410156250,2024-02-02 02:00:00,13.4932000932,0,0,0,0,26399.4843750000,24282.4843750000,24,100.0000000000
validation,2024-02-03,26847.5625000000,2024-02-03 04:00:00,25295.5625000000,2024-02-03 04:00:00,5.2763150771,2024-02-03 03:00:00,3067.1855468750,2024-02-03 02:00:00,26.5524265670,0,0,0,0,26225.0625000000,24107.3125000000,24,100.0000000000
validation,2024-02-04,25799.1542968750,2024-02-04 04:00:00,22603.1542968750,2024-02-04 04:00:00,12.3880029679,2024-02-04 04:00:00,7147.2363281250,2024-02-04 02:00:00,32.5451254104,0,0,1,0,25176.6542968750,23026.1542968750,24,100.0000000000
validation,2024-02-05,25250.5664062500,2024-02-05 05:00:00,23908.5664062500,2024-02-05 05:00:00,5.3147322654,2024-02-05 05:00:00,5315.0800781250,2024-02-05 02:00:00,19.5065265455,0,0,1,0,24602.8164062500,22721.8164062500,24,100.0000000000
validation,2024-02-06,27099.2421875000,2024-02-06 03:00:00,25104.2421875000,2024-02-06 03:00:00,4.2389868191,2024-02-06 16:00:00,3488.3593750000,2024-02-06 02:00:00,12.5425250770,0,0,0,0,26479.9921875000,24647.4921875000,24,100.0000000000
validation,2024-02-07,27522.2792968750,2024-02-07 04:00:00,27084.2792968750,2024-02-07 04:00:00,1.5914379593,2024-02-07 04:00:00,2030.8906250000,2024-02-07 02:00:00,9.3117793159,0,1,0,5,26899.7792968750,24842.2792968750,24,100.0000000000
validation,2024-02-08,27401.8925781250,2024-02-08 04:00:00,25770.8925781250,2024-02-08 04:00:00,5.9521436169,2024-02-08 04:00:00,1687.6914062500,2024-02-08 03:00:00,22.7977146216,0,0,0,0,26779.3925781250,24896.1425781250,24,100.0000000000
validation,2024-02-09,28021.4433593750,2024-02-09 04:00:00,24432.4433593750,2024-02-09 04:00:00,11.9859086296,2024-02-09 06:00:00,4480.6230468750,2024-02-09 02:00:00,28.0611033408,0,0,0,0,27398.9433593750,25556.7226562500,24,100.0000000000
validation,2024-02-10,26798.9589843750,2024-02-10 04:00:00,24798.4882812500,2024-02-10 05:00:00,7.4596543490,2024-02-10 05:00:00,6904.1269531250,2024-02-10 02:00:00,28.1261054685,0,0,2,0,26176.4589843750,24504.7382812500,24,100.0000000000
validation,2024-02-11,25634.6953125000,2024-02-11 04:00:00,23342.6953125000,2024-02-11 04:00:00,7.3222046022,2024-02-11 16:00:00,6186.4257812500,2024-02-11 02:00:00,29.3998096164,0,0,1,0,25012.1953125000,23302.1953125000,24,100.0000000000
validation,2024-02-12,25707.2382812500,2024-02-12 04:00:00,25166.2382812500,2024-02-12 04:00:00,2.1044656531,2024-02-12 04:00:00,7055.9453125000,2024-02-12 03:00:00,21.7277779854,0,0,2,3,25131.2382812500,23511.4882812500,24,100.0000000000
validation,2024-02-13,26600.7402343750,2024-02-13 04:00:00,26159.7402343750,2024-02-13 04:00:00,1.0967015289,2024-02-13 05:00:00,6603.8046875000,2024-02-13 03:00:00,21.3957768001,0,0,2,7,26119.4902343750,24393.4902343750,24,100.0000000000
validation,2024-02-14,27152.8027343750,2024-02-14 04:00:00,26401.8027343750,2024-02-14 04:00:00,2.7658286599,2024-02-14 04:00:00,6816.4023437500,2024-02-14 03:00:00,21.4821161785,0,0,2,1,26576.8027343750,24933.5527343750,24,100.0000000000
validation,2024-02-15,26944.4023437500,2024-02-15 04:00:00,24742.4023437500,2024-02-15 04:00:00,7.3456520879,2024-02-15 16:00:00,5820.2031250000,2024-02-15 03:00:00,25.5323076961,0,0,1,0,26361.9023437500,24708.9023437500,24,100.0000000000
validation,2024-02-16,27098.4960937500,2024-02-16 04:00:00,24876.4960937500,2024-02-16 04:00:00,7.2614101369,2024-02-16 06:00:00,6597.9902343750,2024-02-16 02:00:00,27.8650143532,0,0,2,0,26515.9960937500,24902.4960937500,24,100.0000000000
validation,2024-02-17,26331.9316406250,2024-02-17 04:00:00,22950.9316406250,2024-02-17 04:00:00,3.5848888278,2024-02-17 15:00:00,5683.9648437500,2024-02-17 02:00:00,25.6508572454,0,0,2,0,25701.4316406250,24087.9316406250,24,100.0000000000
validation,2024-02-18,25188.0332031250,2024-02-18 05:00:00,24702.5429687500,2024-02-18 04:00:00,1.2633824069,2024-02-18 11:00:00,5053.2812500000,2024-02-18 02:00:00,19.0269028432,0,0,0,13,24539.2832031250,22956.2832031250,24,100.0000000000
validation,2024-02-19,24869.3750000000,2024-02-19 04:00:00,23262.3750000000,2024-02-19 04:00:00,6.4352518689,2024-02-19 03:00:00,5486.0351562500,2024-02-19 02:00:00,25.0403696720,0,0,1,0,24234.8750000000,22623.1250000000,24,100.0000000000
validation,2024-02-20,25910.9960937500,2024-02-20 04:00:00,23608.9199218750,2024-02-20 05:00:00,6.5196161099,2024-02-20 07:00:00,4950.7890625000,2024-02-20 03:00:00,24.9552568895,0,0,0,0,25275.7460937500,23599.4199218750,24,100.0000000000
validation,2024-02-21,27163.6757812500,2024-02-21 03:00:00,24826.2695312500,2024-02-21 04:00:00,6.4811727848,2024-02-21 06:00:00,5189.8808593750,2024-02-21 02:00:00,19.5591173585,0,0,0,0,26502.7695312500,24788.5195312500,24,100.0000000000
validation,2024-02-22,27360.7519531250,2024-02-22 04:00:00,26171.7519531250,2024-02-22 04:00:00,4.3456407998,2024-02-22 04:00:00,3614.9375000000,2024-02-22 03:00:00,22.1156800176,0,0,0,0,26716.2519531250,25103.3710937500,24,100.0000000000
validation,2024-02-23,26253.5019531250,2024-02-23 04:00:00,23884.5019531250,2024-02-23 04:00:00,6.2579916414,2024-02-23 15:00:00,6034.0390625000,2024-02-23 03:00:00,28.0226389551,0,0,2,0,25603.0019531250,23946.9492187500,24,100.0000000000
validation,2024-02-24,25870.2539062500,2024-02-24 04:00:00,25154.3027343750,2024-02-24 05:00:00,2.3374614831,2024-02-24 09:00:00,7387.2597656250,2024-02-24 03:00:00,24.3614809729,0,0,1,5,25228.5527343750,23651.8027343750,24,100.0000000000
validation,2024-02-25,24812.7324218750,2024-02-25 04:00:00,23495.7324218750,2024-02-25 04:00:00,2.5735560969,2024-02-25 10:00:00,7431.9804687500,2024-02-25 03:00:00,22.6235151394,0,0,2,4,24150.7324218750,22512.7324218750,24,100.0000000000
validation,2024-02-26,24723.9335937500,2024-02-26 04:00:00,23815.9335937500,2024-02-26 04:00:00,3.6725547598,2024-02-26 04:00:00,6467.7226562500,2024-02-26 03:00:00,19.8706337064,0,0,1,0,24054.6835937500,22423.9335937500,24,100.0000000000
validation,2024-02-27,25610.1542968750,2024-02-27 04:00:00,23280.1542968750,2024-02-27 04:00:00,9.0979537764,2024-02-27 04:00:00,5150.6386718750,2024-02-27 03:00:00,22.6420358461,0,0,0,0,24899.9042968750,23284.6542968750,24,100.0000000000
validation,2024-02-28,26778.1191406250,2024-02-28 04:00:00,22612.1191406250,2024-02-28 04:00:00,14.9588873082,2024-02-28 03:00:00,4034.9140625000,2024-02-28 02:00:00,31.6861873738,0,0,0,0,25926.6191406250,24429.1191406250,24,100.0000000000
validation,2024-02-29,25993.9414062500,2024-02-29 05:00:00,24310.9414062500,2024-02-29 05:00:00,1.1580277152,2024-02-29 13:00:00,8135.6367187500,2024-02-29 03:00:00,24.5374110509,0,0,1,5,25006.9414062500,23619.4453125000,24,100.0000000000
validation,2024-03-01,25980.0683593750,2024-03-01 04:00:00,24923.0683593750,2024-03-01 04:00:00,4.0685035366,2024-03-01 04:00:00,6945.1386718750,2024-03-01 03:00:00,26.9753657474,0,0,1,0,24929.0683593750,23654.5683593750,24,100.0000000000
validation,2024-03-02,25718.7246093750,2024-03-02 04:00:00,22697.7246093750,2024-03-02 04:00:00,11.7463056426,2024-03-02 04:00:00,6683.5605468750,2024-03-02 03:00:00,34.0167428697,0,0,1,0,24667.2246093750,23369.7246093750,24,100.0000000000
validation,2024-03-03,25441.9726562500,2024-03-03 04:00:00,22038.9726562500,2024-03-03 04:00:00,13.3755351677,2024-03-03 04:00:00,5944.6054687500,2024-03-03 03:00:00,35.1365255178,0,0,1,0,24390.4726562500,23092.9726562500,24,100.0000000000
validation,2024-03-04,25361.8203125000,2024-03-04 04:00:00,21039.3925781250,2024-03-04 06:00:00,13.0417685204,2024-03-04 07:00:00,4551.9179687500,2024-03-04 03:00:00,28.6118975315,0,0,0,0,24301.8203125000,22938.0703125000,24,100.0000000000
validation,2024-03-05,26273.5292968750,2024-03-05 04:00:00,21701.5292968750,2024-03-05 04:00:00,13.2403609331,2024-03-05 15:00:00,4732.0644531250,2024-03-05 03:00:00,30.4110191138,0,0,0,0,25216.5292968750,23578.7792968750,24,100.0000000000
validation,2024-03-06,26538.2597656250,2024-03-06 04:00:00,23631.9316406250,2024-03-06 05:00:00,10.8428560028,2024-03-06 05:00:00,5555.0390625000,2024-03-06 03:00:00,29.4068772492,0,0,1,0,25397.7597656250,23491.4316406250,24,100.0000000000
validation,2024-03-07,26716.9550781250,2024-03-07 04:00:00,23656.9550781250,2024-03-07 04:00:00,8.0589602859,2024-03-07 15:00:00,5390.0019531250,2024-03-07 03:00:00,25.6756105866,0,0,1,0,25590.9550781250,23520.4550781250,24,100.0000000000
validation,2024-03-08,27001.1171875000,2024-03-08 04:00:00,25356.1171875000,2024-03-08 04:00:00,6.0923405079,2024-03-08 04:00:00,3965.8046875000,2024-03-08 01:00:00,27.5846862633,0,0,0,0,25884.1171875000,23881.1171875000,24,100.0000000000
validation,2024-03-09,25474.7265625000,2024-03-09 04:00:00,20849.7265625000,2024-03-09 04:00:00,5.9806280505,2024-03-09 15:00:00,6704.2148437500,2024-03-09 03:00:00,34.0756634302,0,0,1,0,24357.7265625000,22284.7265625000,24,100.0000000000
validation,2024-03-10,24203.4902343750,2024-03-10 05:00:00,23452.4902343750,2024-03-10 05:00:00,3.0577629718,2024-03-10 06:00:00,7807.3300781250,2024-03-10 03:00:00,27.7874785800,0,0,1,0,23237.9902343750,21064.2402343750,24,100.0000000000
validation,2024-03-11,24214.5214843750,2024-03-11 05:00:00,23037.5214843750,2024-03-11 05:00:00,3.7447575740,2024-03-11 15:00:00,6912.7929687500,2024-03-11 03:00:00,22.9877968938,0,0,1,0,23127.2714843750,21075.2714843750,24,100.0000000000
validation,2024-03-12,25616.6738281250,2024-03-12 04:00:00,23562.6738281250,2024-03-12 04:00:00,8.0182150648,2024-03-12 04:00:00,4995.7714843750,2024-03-12 03:00:00,28.1366279689,0,0,0,0,24528.6738281250,22435.9238281250,24,100.0000000000
validation,2024-03-13,26086.3417968750,2024-03-13 04:00:00,22144.3417968750,2024-03-13 04:00:00,15.1113560908,2024-03-13 04:00:00,7379.5214843750,2024-03-13 03:00:00,33.3670037227,0,0,1,0,24938.3417968750,22810.5917968750,24,100.0000000000
validation,2024-03-14,26143.8105468750,2024-03-14 04:00:00,22200.8105468750,2024-03-14 04:00:00,14.6532600183,2024-03-14 15:00:00,7365.9160156250,2024-03-14 03:00:00,36.7260321537,0,0,1,0,24995.8105468750,22710.8105468750,24,100.0000000000
validation,2024-03-15,25484.3867187500,2024-03-15 04:00:00,20559.3867187500,2024-03-15 04:00:00,11.6114563590,2024-03-15 10:00:00,7663.1699218750,2024-03-15 03:00:00,37.4820632887,0,0,1,0,24336.3867187500,21919.8867187500,24,100.0000000000
validation,2024-03-16,24644.0292968750,2024-03-16 05:00:00,21557.0292968750,2024-03-16 05:00:00,10.9666903498,2024-03-16 15:00:00,7183.2910156250,2024-03-16 03:00:00,31.9557288876,0,0,1,0,23416.7792968750,20960.0292968750,24,100.0000000000
validation,2024-03-17,23867.8867187500,2024-03-17 05:00:00,23513.8867187500,2024-03-17 05:00:00,1.4611440872,2024-03-17 10:00:00,5995.8027343750,2024-03-17 03:00:00,26.4838718633,0,0,1,8,22643.3867187500,20183.8867187500,24,100.0000000000
validation,2024-03-18,23987.5820312500,2024-03-18 05:00:00,22279.0703125000,2024-03-18 04:00:00,5.5948354931,2024-03-18 15:00:00,5203.7441406250,2024-03-18 03:00:00,24.0099039425,0,0,1,0,22763.0820312500,20299.3320312500,24,100.0000000000
validation,2024-03-19,25477.3242187500,2024-03-19 04:00:00,24236.3242187500,2024-03-19 04:00:00,2.3004591245,2024-03-19 12:00:00,6444.5507812500,2024-03-19 03:00:00,23.7384990358,0,0,1,3,24343.0742187500,21911.3242187500,24,100.0000000000
validation,2024-03-20,25786.1054687500,2024-03-20 04:00:00,24642.1054687500,2024-03-20 04:00:00,3.1656763557,2024-03-20 06:00:00,7546.6953125000,2024-03-20 03:00:00,27.3395509577,0,0,1,0,24665.3554687500,22224.8554687500,24,100.0000000000
validation,2024-03-21,25161.0605468750,2024-03-21 05:00:00,22304.9492187500,2024-03-21 04:00:00,10.4576688500,2024-03-21 04:00:00,8270.7363281250,2024-03-21 03:00:00,34.2956206386,0,0,1,0,23959.8105468750,21472.8105468750,24,100.0000000000
validation,2024-03-22,24864.6718750000,2024-03-22 05:00:00,20501.6718750000,2024-03-22 05:00:00,12.8961150958,2024-03-22 15:00:00,8275.5878906250,2024-03-22 03:00:00,37.5133773224,0,0,1,0,23663.4218750000,20842.4218750000,24,100.0000000000
validation,2024-03-23,25128.6718750000,2024-03-23 04:00:00,21548.7382812500,2024-03-23 05:00:00,9.3877898167,2024-03-23 15:00:00,7371.2304687500,2024-03-23 03:00:00,37.7677074800,0,0,1,0,23969.1718750000,21139.6718750000,24,100.0000000000
validation,2024-03-24,24046.0839843750,2024-03-24 05:00:00,21499.0898437500,2024-03-24 04:00:00,10.1136838928,2024-03-24 04:00:00,8268.9687500000,2024-03-24 03:00:00,37.0679780259,0,0,1,0,22588.3398437500,20024.5839843750,24,100.0000000000
validation,2024-03-25,24034.2050781250,2024-03-25 05:00:00,19915.2050781250,2024-03-25 05:00:00,17.1380746174,2024-03-25 05:00:00,6639.0859375000,2024-03-25 03:00:00,38.0171534822,0,0,1,0,22344.7050781250,19907.4550781250,24,100.0000000000
validation,2024-03-26,25444.8652343750,2024-03-26 04:00:00,20523.8652343750,2024-03-26 04:00:00,19.3398548378,2024-03-26 04:00:00,6441.8281250000,2024-03-26 03:00:00,38.3491057170,0,0,1,0,23851.6152343750,21334.6152343750,24,100.0000000000
validation,2024-03-27,25653.3027343750,2024-03-27 04:00:00,21700.3027343750,2024-03-27 04:00:00,15.4093219143,2024-03-27 04:00:00,6827.2949218750,2024-03-27 03:00:00,40.2023354638,0,0,1,0,24060.0527343750,21611.3027343750,24,100.0000000000
validation,2024-03-28,25434.9589843750,2024-03-28 05:00:00,21807.8437500000,2024-03-28 04:00:00,11.2970081382,2024-03-28 15:00:00,7312.8242187500,2024-03-28 03:00:00,33.9525397047,0,0,1,0,23763.5937500000,21315.8437500000,24,100.0000000000
validation,2024-03-29,25718.7265625000,2024-03-29 04:00:00,23423.7265625000,2024-03-29 04:00:00,8.9234589217,2024-03-29 04:00:00,6736.0585937500,2024-03-29 03:00:00,30.9545690153,0,0,1,0,23755.2265625000,21676.7265625000,24,100.0000000000
validation,2024-03-30,24966.0351562500,2024-03-30 04:00:00,21157.0351562500,2024-03-30 04:00:00,15.1039374159,2024-03-30 11:00:00,5708.0605468750,2024-03-30 03:00:00,36.0757066711,0,0,1,0,23002.5351562500,20924.0351562500,24,100.0000000000
validation,2024-03-31,24140.4648437500,2024-03-31 05:00:00,20862.4648437500,2024-03-31 05:00:00,5.4269894493,2024-03-31 14:00:00,5447.1054687500,2024-03-31 03:00:00,31.7460801215,0,0,1,0,21900.7148437500,19982.7148437500,24,100.0000000000
validation,2024-04-01,24256.3125000000,2024-04-01 05:00:00,22394.3125000000,2024-04-01 05:00:00,5.1799796249,2024-04-01 15:00:00,3586.7558593750,2024-04-01 02:00:00,24.3328389109,0,0,0,0,22408.5625000000,20138.6621093750,24,100.0000000000
validation,2024-04-02,24753.0546875000,2024-04-02 04:00:00,23182.0546875000,2024-04-02 04:00:00,3.4901537543,2024-04-02 14:00:00,6009.7148437500,2024-04-02 03:00:00,25.4992876147,0,0,1,0,23115.3046875000,20801.0546875000,24,100.0000000000
validation,2024-04-03,25023.2753906250,2024-04-03 05:00:00,21983.8261718750,2024-04-03 15:00:00,4.0921695897,2024-04-03 15:00:00,6492.9570312500,2024-04-03 03:00:00,29.6913166553,0,0,1,0,23384.0253906250,21061.2753906250,24,100.0000000000
validation,2024-04-04,25490.7929687500,2024-04-04 04:00:00,24463.7929687500,2024-04-04 04:00:00,4.0289056573,2024-04-04 04:00:00,6888.7675781250,2024-04-04 03:00:00,28.6361324538,0,0,1,0,23963.5429687500,21518.0429687500,24,100.0000000000
validation,2024-04-05,25756.6562500000,2024-04-05 05:00:00,22159.6562500000,2024-04-05 05:00:00,10.9258101960,2024-04-05 15:00:00,6399.5957031250,2024-04-05 03:00:00,31.0907579403,0,0,1,0,24068.9062500000,21640.6562500000,24,100.0000000000
validation,2024-04-06,25798.6777343750,2024-04-06 04:00:00,22980.1621093750,2024-04-06 05:00:00,9.0475533879,2024-04-06 09:00:00,6321.6347656250,2024-04-06 03:00:00,32.5075327375,0,0,1,0,24253.9277343750,21894.9277343750,24,100.0000000000
validation,2024-04-07,23996.9726562500,2024-04-07 06:00:00,20534.3984375000,2024-04-07 05:00:00,14.3664988468,2024-04-07 05:00:00,4763.7285156250,2024-04-07 03:00:00,35.6403999954,0,0,0,0,22153.6484375000,20024.1484375000,24,100.0000000000
validation,2024-04-08,23602.3671875000,2024-04-08 05:00:00,20908.3671875000,2024-04-08 05:00:00,11.3418256309,2024-04-08 04:00:00,5086.2578125000,2024-04-08 03:00:00,30.2637819399,0,0,0,0,21339.3671875000,19647.1171875000,24,100.0000000000
validation,2024-04-09,24355.2617187500,2024-04-09 16:00:00,20250.1074218750,2024-04-09 15:00:00,13.3874491829,2024-04-09 15:00:00,4755.9023437500,2024-04-09 03:00:00,33.9390194157,0,0,0,0,22044.1074218750,20243.6074218750,24,100.0000000000
validation,2024-04-10,25022.4687500000,2024-04-10 04:00:00,22656.2148437500,2024-04-10 05:00:00,6.1464235546,2024-04-10 14:00:00,7512.7167968750,2024-04-10 03:00:00,30.8336713405,0,0,2,0,22815.2187500000,21106.2187500000,24,100.0000000000
validation,2024-04-11,25267.0996093750,2024-04-11 04:00:00,23622.0996093750,2024-04-11 04:00:00,2.8229537290,2024-04-11 14:00:00,7319.8710937500,2024-04-11 03:00:00,29.8197186530,0,0,1,1,23398.0996093750,21492.5996093750,24,100.0000000000
validation,2024-04-12,25908.1113281250,2024-04-12 04:00:00,24907.1113281250,2024-04-12 04:00:00,3.4759714271,2024-04-12 14:00:00,8136.2109375000,2024-04-12 03:00:00,32.2791059903,0,0,1,0,24314.1113281250,22250.1113281250,24,100.0000000000
validation,2024-04-13,25942.4550781250,2024-04-13 04:00:00,24497.4550781250,2024-04-13 04:00:00,5.5700202454,2024-04-13 04:00:00,8395.7187500000,2024-04-13 03:00:00,39.3971606828,0,0,1,0,24435.9550781250,22278.9550781250,24,100.0000000000
validation,2024-04-14,24015.7832031250,2024-04-14 04:00:00,20383.6386718750,2024-04-14 05:00:00,12.1966010026,2024-04-14 13:00:00,7541.6875000000,2024-04-14 03:00:00,40.4931656423,0,0,1,0,22413.2832031250,20347.0332031250,24,100.0000000000
validation,2024-04-15,23994.1406250000,2024-04-15 05:00:00,20539.0312500000,2024-04-15 06:00:00,9.5167862497,2024-04-15 14:00:00,4915.9062500000,2024-04-15 03:00:00,32.0661669745,0,0,0,0,22158.8906250000,20348.6406250000,24,100.0000000000
validation,2024-04-16,24623.8671875000,2024-04-16 04:00:00,21526.8671875000,2024-04-16 04:00:00,12.5772283306,2024-04-16 04:00:00,6559.8496093750,2024-04-16 03:00:00,37.0165724711,0,0,1,0,22408.1171875000,20923.8671875000,24,100.0000000000
validation,2024-04-17,25054.2636718750,2024-04-17 05:00:00,22285.2636718750,2024-04-17 05:00:00,5.3279644538,2024-04-17 14:00:00,7534.7949218750,2024-04-17 03:00:00,32.6112343405,0,0,1,0,22680.2636718750,21408.7636718750,24,100.0000000000
validation,2024-04-18,25346.1894531250,2024-04-18 04:00:00,22470.1894531250,2024-04-18 04:00:00,8.4927390791,2024-04-18 14:00:00,6363.2089843750,2024-04-18 03:00:00,34.6178170703,0,0,1,0,22939.9394531250,21549.4394531250,24,100.0000000000
validation,2024-04-19,26117.6074218750,2024-04-19 04:00:00,22008.6074218750,2024-04-19 04:00:00,12.2213502178,2024-04-19 14:00:00,6832.2480468750,2024-04-19 03:00:00,37.1468513013,0,0,1,0,23711.3574218750,22320.3574218750,24,100.0000000000
validation,2024-04-20,25075.7968750000,2024-04-20 05:00:00,21584.7968750000,2024-04-20 05:00:00,13.8597417266,2024-04-20 04:00:00,6745.9765625000,2024-04-20 03:00:00,47.0576217071,0,0,1,0,22701.7968750000,21434.5468750000,24,100.0000000000
validation,2024-04-21,23734.0742187500,2024-04-21 05:00:00,18528.0742187500,2024-04-21 05:00:00,17.6874610660,2024-04-21 14:00:00,7560.2109375000,2024-04-21 03:00:00,53.0687977886,0,0,1,0,21360.0742187500,19856.3242187500,24,100.0000000000
validation,2024-04-22,24049.2148437500,2024-04-22 05:00:00,19875.2148437500,2024-04-22 05:00:00,9.9354250254,2024-04-22 14:00:00,8429.3437500000,2024-04-22 03:00:00,41.2540585700,0,0,2,0,21670.7148437500,20167.2148437500,24,100.0000000000
validation,2024-04-23,25451.0019531250,2024-04-23 05:00:00,23508.7539062500,2024-04-23 04:00:00,3.7855642958,2024-04-23 14:00:00,7027.6191406250,2024-04-23 03:00:00,33.4730145208,0,0,1,0,23213.5019531250,21809.7519531250,24,100.0000000000
validation,2024-04-24,26500.9921875000,2024-04-24 04:00:00,22757.1445312500,2024-04-24 05:00:00,13.4582466863,2024-04-24 05:00:00,8355.0019531250,2024-04-24 03:00:00,43.2371963155,0,0,2,0,24233.4921875000,22795.9921875000,24,100.0000000000
validation,2024-04-25,25349.5625000000,2024-04-25 04:00:00,21275.1972656250,2024-04-25 05:00:00,14.7042706158,2024-04-25 06:00:00,7659.0000000000,2024-04-25 03:00:00,42.7798633752,0,0,2,0,23067.3125000000,21676.1972656250,24,100.0000000000
validation,2024-04-26,25377.4316406250,2024-04-26 05:00:00,20975.4316406250,2024-04-26 05:00:00,17.3461210036,2024-04-26 05:00:00,6749.0292968750,2024-04-26 03:00:00,46.4283902458,0,0,1,0,23139.9316406250,21727.9316406250,24,100.0000000000
validation,2024-04-27,25111.4941406250,2024-04-27 04:00:00,20127.5449218750,2024-04-27 05:00:00,19.4883547490,2024-04-27 05:00:00,6774.9394531250,2024-04-27 03:00:00,51.7114882387,0,0,1,0,22762.0449218750,21322.2949218750,24,100.0000000000
validation,2024-04-28,23615.4609375000,2024-04-28 05:00:00,19699.5859375000,2024-04-28 06:00:00,16.1419497606,2024-04-28 06:00:00,7269.6210937500,2024-04-28 03:00:00,52.4523517315,0,0,2,0,21422.5859375000,19680.8359375000,24,100.0000000000
validation,2024-04-29,23897.8222656250,2024-04-29 05:00:00,19469.8222656250,2024-04-29 05:00:00,17.8135970675,2024-04-29 14:00:00,7092.9238281250,2024-04-29 03:00:00,43.2591382172,0,0,2,0,21312.3222656250,19877.8222656250,24,100.0000000000
validation,2024-04-30,25651.4238281250,2024-04-30 04:00:00,20909.6757812500,2024-04-30 05:00:00,16.7825371819,2024-04-30 14:00:00,6589.9277343750,2024-04-30 03:00:00,45.0388311766,0,0,2,0,22832.4257812500,21421.4257812500,24,100.0000000000
validation,2024-05-01,25955.5039062500,2024-05-01 05:00:00,21700.5039062500,2024-05-01 05:00:00,16.3934401558,2024-05-01 05:00:00,7811.2050781250,2024-05-01 03:00:00,46.8615044036,0,0,2,0,23266.2539062500,21772.2539062500,24,100.0000000000
validation,2024-05-02,26214.5507812500,2024-05-02 04:00:00,21475.9082031250,2024-05-02 05:00:00,17.7700973021,2024-05-02 05:00:00,6880.8242187500,2024-05-02 03:00:00,47.2326874118,0,0,2,0,23404.9082031250,21852.6582031250,24,100.0000000000
validation,2024-05-03,25930.3945312500,2024-05-03 05:00:00,21597.3945312500,2024-05-03 05:00:00,15.9988891270,2024-05-03 14:00:00,6609.3808593750,2024-05-03 03:00:00,44.3468916911,0,0,2,0,23220.6445312500,21631.3945312500,24,100.0000000000
validation,2024-05-04,25379.0371093750,2024-05-04 05:00:00,21074.0371093750,2024-05-04 05:00:00,16.9628184925,2024-05-04 05:00:00,7279.2421875000,2024-05-04 03:00:00,50.7161092607,0,0,2,0,22653.5371093750,21061.5371093750,24,100.0000000000
validation,2024-05-05,24677.0605468750,2024-05-05 05:00:00,19808.0605468750,2024-05-05 05:00:00,19.7308751208,2024-05-05 05:00:00,6200.7167968750,2024-05-05 04:00:00,51.3566318342,0,0,2,0,21949.3105468750,20245.8105468750,24,100.0000000000
validation,2024-05-06,23475.5742187500,2024-05-06 05:00:00,19977.3769531250,2024-05-06 06:00:00,14.4631120526,2024-05-06 07:00:00,5526.7890625000,2024-05-06 03:00:00,40.3499890682,0,0,1,0,20540.8769531250,19044.3242187500,24,100.0000000000
validation,2024-05-07,25143.5781250000,2024-05-07 05:00:00,20638.5781250000,2024-05-07 05:00:00,17.2418963646,2024-05-07 14:00:00,6633.7929687500,2024-05-07 04:00:00,43.5176916753,0,0,2,0,22073.5781250000,20667.0781250000,24,100.0000000000
validation,2024-05-08,25552.1210937500,2024-05-08 05:00:00,20407.1210937500,2024-05-08 05:00:00,19.1980877633,2024-05-08 14:00:00,6904.2148437500,2024-05-08 04:00:00,45.5773534693,0,0,2,0,22276.8710937500,21058.1210937500,24,100.0000000000
validation,2024-05-09,25846.5195312500,2024-05-09 05:00:00,21895.5195312500,2024-05-09 05:00:00,14.9139763334,2024-05-09 06:00:00,7350.2285156250,2024-05-09 04:00:00,43.8078261341,0,0,2,0,22453.5195312500,21349.7695312500,24,100.0000000000
validation,2024-05-10,26325.8085937500,2024-05-10 05:00:00,24055.8085937500,2024-05-10 05:00:00,7.7244044430,2024-05-10 09:00:00,6984.8046875000,2024-05-10 03:00:00,39.6328895669,0,0,2,0,22924.0585937500,21825.8085937500,24,100.0000000000
validation,2024-05-11,26644.8261718750,2024-05-11 04:00:00,25477.9785156250,2024-05-11 05:00:00,4.3295442536,2024-05-11 05:00:00,7614.8144531250,2024-05-11 03:00:00,39.3049426379,0,0,2,0,23229.2285156250,22130.9785156250,24,100.0000000000
validation,2024-05-12,25321.9765625000,2024-05-12 04:00:00,23194.9765625000,2024-05-12 04:00:00,7.8541073099,2024-05-12 08:00:00,6125.5937500000,2024-05-12 03:00:00,40.6153858997,0,0,1,0,21876.4765625000,20741.6875000000,24,100.0000000000
validation,2024-05-13,25125.7792968750,2024-05-13 05:00:00,21862.7792968750,2024-05-13 05:00:00,12.9866618720,2024-05-13 05:00:00,7176.4277343750,2024-05-13 04:00:00,43.5049637505,0,0,2,0,21844.2792968750,20613.2792968750,24,100.0000000000
validation,2024-05-14,26411.8164062500,2024-05-14 05:00:00,22966.8164062500,2024-05-14 05:00:00,13.0434043120,2024-05-14 05:00:00,7250.7363281250,2024-05-14 03:00:00,43.8604118424,0,0,2,0,23107.8164062500,21893.5664062500,24,100.0000000000
validation,2024-05-15,27651.5957031250,2024-05-15 05:00:00,24230.5957031250,2024-05-15 05:00:00,12.3717995762,2024-05-15 05:00:00,6863.7578125000,2024-05-15 03:00:00,41.3840482424,0,0,1,0,24303.5957031250,23133.3457031250,24,100.0000000000
validation,2024-05-16,28104.1855468750,2024-05-16 04:00:00,22657.1855468750,2024-05-16 04:00:00,19.1227688213,2024-05-16 05:00:00,5812.8183593750,2024-05-16 03:00:00,42.6640311794,0,0,1,0,24518.5351562500,23377.2851562500,24,100.0000000000
validation,2024-05-17,28403.3144531250,2024-05-17 04:00:00,22239.0898437500,2024-05-17 05:00:00,21.0794600994,2024-05-17 05:00:00,5907.8085937500,2024-05-17 03:00:00,44.6856726001,0,0,1,0,24749.5644531250,23502.3398437500,24,100.0000000000
validation,2024-05-18,27184.3613281250,2024-05-18 05:00:00,21991.3613281250,2024-05-18 05:00:00,19.1028949966,2024-05-18 05:00:00,6873.8613281250,2024-05-18 04:00:00,51.9632189730,0,0,2,0,23736.1113281250,22427.8613281250,24,100.0000000000
validation,2024-05-19,25570.3906250000,2024-05-19 06:00:00,20139.6816406250,2024-05-19 05:00:00,21.2299264215,2024-05-19 05:00:00,7399.4121093750,2024-05-19 04:00:00,52.8100253701,0,0,2,0,22119.4316406250,20820.6406250000,24,100.0000000000
validation,2024-05-20,25077.1308593750,2024-05-20 05:00:00,20350.1308593750,2024-05-20 05:00:00,18.8498438139,2024-05-20 05:00:00,7871.5820312500,2024-05-20 04:00:00,47.1750961457,0,0,2,0,21628.8808593750,20292.6308593750,24,100.0000000000
validation,2024-05-21,26789.2070312500,2024-05-21 04:00:00,22520.7617187500,2024-05-21 05:00:00,15.6265444145,2024-05-21 05:00:00,6960.4433593750,2024-05-21 04:00:00,44.7856213835,0,0,2,0,22920.5117187500,21907.2617187500,24,100.0000000000
validation,2024-05-22,26966.1894531250,2024-05-22 04:00:00,22631.6054687500,2024-05-22 05:00:00,15.9195408387,2024-05-22 05:00:00,6704.2207031250,2024-05-22 04:00:00,43.2271729084,0,0,2,0,23025.6054687500,22132.1054687500,24,100.0000000000
validation,2024-05-23,27493.5605468750,2024-05-23 05:00:00,23431.5605468750,2024-05-23 05:00:00,14.7743686856,2024-05-23 05:00:00,6097.6953125000,2024-05-23 04:00:00,40.9178879100,0,0,2,0,23600.0605468750,22709.0605468750,24,100.0000000000
validation,2024-05-24,27519.1816406250,2024-05-24 04:00:00,23310.1796875000,2024-05-24 05:00:00,14.9020634596,2024-05-24 05:00:00,6321.5214843750,2024-05-24 04:00:00,43.5803622747,0,0,2,0,23484.4296875000,22607.6796875000,24,100.0000000000
validation,2024-05-25,26224.8222656250,2024-05-25 05:00:00,21851.8222656250,2024-05-25 05:00:00,16.6750415149,2024-05-25 05:00:00,7193.4863281250,2024-05-25 04:00:00,52.2257146222,0,0,2,0,22317.0722656250,21498.3222656250,24,100.0000000000
validation,2024-05-26,24817.0742187500,2024-05-26 05:00:00,19433.0742187500,2024-05-26 05:00:00,21.6947410986,2024-05-26 05:00:00,7280.8867187500,2024-05-26 04:00:00,55.9322840345,0,0,2,0,20892.8242187500,20028.8242187500,24,100.0000000000
validation,2024-05-27,24590.6171875000,2024-05-27 05:00:00,18945.6171875000,2024-05-27 05:00:00,21.3166311681,2024-05-27 14:00:00,7901.2714843750,2024-05-27 04:00:00,45.3849499917,0,0,1,0,20663.6171875000,19675.8671875000,24,100.0000000000
validation,2024-05-28,25300.0625000000,2024-05-28 04:00:00,20777.8398437500,2024-05-28 05:00:00,12.6438301043,2024-05-28 14:00:00,6851.9863281250,2024-05-28 04:00:00,41.0521969260,0,0,1,0,21333.3398437500,20349.0898437500,24,100.0000000000
validation,2024-05-29,26885.3027343750,2024-05-29 05:00:00,23042.3027343750,2024-05-29 05:00:00,14.2940551496,2024-05-29 05:00:00,7204.0800781250,2024-05-29 04:00:00,46.5424870646,0,0,2,0,23015.5527343750,21962.3027343750,24,100.0000000000
validation,2024-05-30,28573.3554687500,2024-05-30 05:00:00,23098.3554687500,2024-05-30 05:00:00,19.1612077412,2024-05-30 05:00:00,6760.7539062500,2024-05-30 03:00:00,47.6339142702,0,0,2,0,24701.3554687500,23417.1054687500,24,100.0000000000
validation,2024-05-31,28436.6757812500,2024-05-31 05:00:00,23583.6757812500,2024-05-31 05:00:00,13.5523578287,2024-05-31 14:00:00,6746.3652343750,2024-05-31 04:00:00,42.1036558689,0,0,2,0,24562.9257812500,23280.4257812500,24,100.0000000000
validation,2024-06-01,29302.8417968750,2024-06-01 03:00:00,25101.8945312500,2024-06-01 05:00:00,11.6033814767,2024-06-01 05:00:00,5725.8183593750,2024-06-01 04:00:00,39.9705347897,0,0,2,0,24865.4101562500,23240.6445312500,24,100.0000000000
validation,2024-06-02,26523.3886718750,2024-06-02 05:00:00,22057.3886718750,2024-06-02 05:00:00,16.8379691421,2024-06-02 05:00:00,6931.0136718750,2024-06-02 04:00:00,53.1634141737,0,0,2,0,22858.6386718750,21367.6386718750,24,100.0000000000
validation,2024-06-03,26074.4648437500,2024-06-03 05:00:00,20292.4648437500,2024-06-03 05:00:00,22.1749517570,2024-06-03 05:00:00,6929.3750000000,2024-06-03 04:00:00,49.6116998153,0,0,2,0,22397.2148437500,20843.4648437500,24,100.0000000000
validation,2024-06-04,27052.0605468750,2024-06-04 05:00:00,21337.0605468750,2024-06-04 05:00:00,21.1259323115,2024-06-04 05:00:00,6521.2187500000,2024-06-04 04:00:00,46.9020972489,0,0,1,0,23370.0605468750,21682.0605468750,24,100.0000000000
validation,2024-06-05,28434.0585937500,2024-06-05 04:00:00,23037.5878906250,2024-06-05 05:00:00,17.2730886710,2024-06-05 14:00:00,5250.0625000000,2024-06-05 03:00:00,39.1857917489,0,0,1,0,24551.5878906250,22854.5878906250,24,100.0000000000
validation,2024-06-06,34438.8867187500,2024-06-06 03:00:00,30030.1835937500,2024-06-06 05:00:00,3.5158792507,2024-06-06 14:00:00,5582.7070312500,2024-06-06 04:00:00,29.3442759655,7,4,1,0,29954.3437500000,27759.1835937500,24,100.0000000000
validation,2024-06-07,34830.1953125000,2024-06-07 03:00:00,31057.6992187500,2024-06-07 05:00:00,8.2888673597,2024-06-07 05:00:00,5301.5390625000,2024-06-07 04:00:00,30.9587826273,7,4,1,0,30538.9843750000,28494.6992187500,24,100.0000000000
validation,2024-06-08,31212.5097656250,2024-06-08 03:00:00,25373.5957031250,2024-06-08 05:00:00,15.5637513685,2024-06-08 05:00:00,4729.4550781250,2024-06-08 04:00:00,42.8746007253,0,0,0,0,26373.3457031250,24671.5957031250,24,100.0000000000
validation,2024-06-09,27685.8164062500,2024-06-09 05:00:00,22891.8164062500,2024-06-09 05:00:00,17.3157256035,2024-06-09 05:00:00,7080.9667968750,2024-06-09 04:00:00,51.7427099523,0,0,2,0,23705.8164062500,22305.3164062500,24,100.0000000000
validation,2024-06-10,26732.9609375000,2024-06-10 05:00:00,21252.9609375000,2024-06-10 05:00:00,20.4990386692,2024-06-10 05:00:00,6978.5312500000,2024-06-10 04:00:00,47.9071186160,0,0,2,0,22669.2109375000,21317.2109375000,24,100.0000000000
validation,2024-06-11,28244.6933593750,2024-06-11 03:00:00,22902.1875000000,2024-06-11 05:00:00,15.3414734595,2024-06-11 14:00:00,6541.8632812500,2024-06-11 04:00:00,39.8419997237,0,0,1,0,23569.4375000000,22274.4375000000,24,100.0000000000
validation,2024-06-12,33797.4062500000,2024-06-12 03:00:00,29458.2792968750,2024-06-12 05:00:00,7.2946016657,2024-06-12 14:00:00,6039.1914062500,2024-06-12 04:00:00,31.7947533708,5,3,1,0,28611.3476562500,27231.5292968750,24,100.0000000000
validation,2024-06-13,32362.0234375000,2024-06-13 23:00:00,27986.9042968750,2024-06-13 05:00:00,9.8638356132,2024-06-13 14:00:00,5995.6191406250,2024-06-13 04:00:00,33.7530876635,4,3,1,0,27501.9042968750,26149.6542968750,24,100.0000000000
validation,2024-06-14,30836.3925781250,2024-06-14 04:00:00,26875.5468750000,2024-06-14 05:00:00,11.8792544932,2024-06-14 05:00:00,6508.5703125000,2024-06-14 04:00:00,38.5129498469,0,1,2,0,26502.2968750000,25224.5468750000,24,100.0000000000
validation,2024-06-15,29919.1152343750,2024-06-15 03:00:00,24397.9804687500,2024-06-15 05:00:00,16.4509390216,2024-06-15 05:00:00,5157.5644531250,2024-06-15 04:00:00,44.9020364185,0,0,0,0,25218.9804687500,23952.7304687500,24,100.0000000000
validation,2024-06-16,28994.0097656250,2024-06-16 04:00:00,23992.1347656250,2024-06-16 05:00:00,16.5581945719,2024-06-16 05:00:00,6440.1484375000,2024-06-16 04:00:00,48.1657778013,0,0,2,0,24785.3847656250,23684.6347656250,24,100.0000000000
validation,2024-06-17,28591.8457031250,2024-06-17 05:00:00,23860.8457031250,2024-06-17 05:00:00,16.5466757520,2024-06-17 05:00:00,6645.5351562500,2024-06-17 04:00:00,44.7073884401,0,0,2,0,24626.8457031250,23523.3457031250,24,100.0000000000
validation,2024-06-18,28761.0781250000,2024-06-18 04:00:00,23623.8027343750,2024-06-18 05:00:00,15.7038542680,2024-06-18 14:00:00,7617.6367187500,2024-06-18 04:00:00,44.8625637308,0,0,2,0,24585.0527343750,23396.5527343750,24,100.0000000000
validation,2024-06-19,30157.6816406250,2024-06-19 04:00:00,26511.3144531250,2024-06-19 05:00:00,11.2660728101,2024-06-19 05:00:00,6712.3242187500,2024-06-19 04:00:00,36.9071863018,0,0,2,0,26208.0644531250,24730.0644531250,24,100.0000000000
validation,2024-06-20,30643.4140625000,2024-06-20 03:00:00,25962.8554687500,2024-06-20 05:00:00,13.9899960906,2024-06-20 05:00:00,5503.3339843750,2024-06-20 04:00:00,40.6525970567,0,0,2,0,26525.8554687500,25038.6054687500,24,100.0000000000
validation,2024-06-21,30452.6894531250,2024-06-21 03:00:00,25059.4902343750,2024-06-21 05:00:00,15.9317025541,2024-06-21 05:00:00,6189.9414062500,2024-06-21 04:00:00,43.3651064164,0,0,2,0,26172.2402343750,24661.2402343750,24,100.0000000000
validation,2024-06-22,30657.8632812500,2024-06-22 03:00:00,24574.9277343750,2024-06-22 05:00:00,17.4976085029,2024-06-22 05:00:00,6328.7265625000,2024-06-22 04:00:00,43.8998017113,0,0,2,0,26190.4277343750,24539.6777343750,24,100.0000000000
validation,2024-06-23,33576.0507812500,2024-06-23 03:00:00,29952.6875000000,2024-06-23 05:00:00,2.5946053279,2024-06-23 13:00:00,6589.7226562500,2024-06-23 04:00:00,32.3422407191,6,4,1,2,29454.6875000000,27692.4375000000,24,100.0000000000
validation,2024-06-24,36707.8164062500,2024-06-24 03:00:00,33634.7382812500,2024-06-24 05:00:00,3.1954610159,2024-06-24 14:00:00,5390.7031250000,2024-06-24 04:00:00,26.5502918945,10,6,1,0,32194.4882812500,30501.2382812500,24,100.0000000000
validation,2024-06-25,40098.3125000000,2024-06-25 03:00:00,34542.0078125000,2024-06-25 04:00:00,8.7821594168,2024-06-25 05:00:00,4885.6953125000,2024-06-25 04:00:00,29.6263504990,12,6,0,0,34595.0078125000,32681.0937500000,24,100.0000000000
validation,2024-06-26,38896.7617187500,2024-06-26 03:00:00,32579.8710937500,2024-06-26 05:00:00,11.7101321229,2024-06-26 14:00:00,5264.5195312500,2024-06-26 04:00:00,30.6717285379,11,4,1,0,33753.8710937500,32026.6210937500,24,100.0000000000
validation,2024-06-27,35930.3554687500,2024-06-27 03:00:00,31091.0781250000,2024-06-27 05:00:00,11.2218132919,2024-06-27 05:00:00,6029.5742187500,2024-06-27 04:00:00,36.8515030561,9,4,1,0,31705.0781250000,30052.0781250000,24,100.0000000000
validation,2024-06-28,35825.2695312500,2024-06-28 03:00:00,30085.2343750000,2024-06-28 05:00:00,13.4915846079,2024-06-28 05:00:00,6416.5195312500,2024-06-28 04:00:00,38.8189467602,8,3,1,0,31461.2343750000,29808.2343750000,24,100.0000000000
validation,2024-06-29,35094.2109375000,2024-06-29 03:00:00,29781.5234375000,2024-06-29 05:00:00,13.6455144671,2024-06-29 05:00:00,6908.2578125000,2024-06-29 04:00:00,41.1664837917,6,3,1,0,31126.2734375000,29518.5234375000,24,100.0000000000
validation,2024-06-30,32317.0039062500,2024-06-30 03:00:00,27413.7050781250,2024-06-30 05:00:00,10.6978286692,2024-06-30 14:00:00,6456.8437500000,2024-06-30 04:00:00,39.3211634596,2,1,2,0,27843.4550781250,26235.7050781250,24,100.0000000000
